cat,subgroup,value,xaxis,hours
discretionary,Model-Arrive,0.00061568465557248,1,03:00 AM to 05:00 AM
escort,Model-Arrive,0.0007400473434260762,1,03:00 AM to 05:00 AM
maintenance,Model-Arrive,0.00032621967322109306,1,03:00 AM to 05:00 AM
school,Model-Arrive,0.0005912566681530662,1,03:00 AM to 05:00 AM
university,Model-Arrive,0.00036761809731376203,1,03:00 AM to 05:00 AM
work,Model-Arrive,1.4603870025556772e-06,1,03:00 AM to 05:00 AM
discretionary,Model-Arrive,0.0024342676555582443,2,05:00 AM to 05:30 AM
escort,Model-Arrive,0.002999397179978534,2,05:00 AM to 05:30 AM
maintenance,Model-Arrive,0.0010221549760927582,2,05:00 AM to 05:30 AM
school,Model-Arrive,0.0010437827214322285,2,05:00 AM to 05:30 AM
work-based,Model-Arrive,2.5443997760928197e-05,2,05:00 AM to 05:30 AM
discretionary,Model-Arrive,0.007349068287613706,3,05:30 AM to 06:00 AM
escort,Model-Arrive,0.0052881528712366635,3,05:30 AM to 06:00 AM
maintenance,Model-Arrive,0.002581795699492651,3,05:30 AM to 06:00 AM
school,Model-Arrive,0.0015227336537349916,3,05:30 AM to 06:00 AM
work,Model-Arrive,2.9207740051113544e-06,3,05:30 AM to 06:00 AM
work-based,Model-Arrive,0.00017810798432649737,3,05:30 AM to 06:00 AM
discretionary,Model-Arrive,0.01532805671416573,4,06:00 AM to 06:30 AM
escort,Model-Arrive,0.008718835920231718,4,06:00 AM to 06:30 AM
maintenance,Model-Arrive,0.0055581618608812906,4,06:00 AM to 06:30 AM
school,Model-Arrive,0.0014236403573964888,4,06:00 AM to 06:30 AM
work,Model-Arrive,2.482657904344651e-05,4,06:00 AM to 06:30 AM
work-based,Model-Arrive,0.00022899597984835378,4,06:00 AM to 06:30 AM
discretionary,Model-Arrive,0.023168249177900835,5,06:30 AM to 07:00 AM
escort,Model-Arrive,0.014198126847055249,5,06:30 AM to 07:00 AM
maintenance,Model-Arrive,0.0088638545495217,5,06:30 AM to 07:00 AM
school,Model-Arrive,0.0032007134717336374,5,06:30 AM to 07:00 AM
university,Model-Arrive,2.6258435522411573e-05,5,06:30 AM to 07:00 AM
work,Model-Arrive,5.695509309967141e-05,5,06:30 AM to 07:00 AM
work-based,Model-Arrive,0.00048343595745763574,5,06:30 AM to 07:00 AM
discretionary,Model-Arrive,0.022260737113328682,6,07:00 AM to 07:30 AM
escort,Model-Arrive,0.023407060345714832,6,07:00 AM to 07:30 AM
maintenance,Model-Arrive,0.009301920967847167,6,07:00 AM to 07:30 AM
school,Model-Arrive,0.002817552725891427,6,07:00 AM to 07:30 AM
university,Model-Arrive,0.00010503374208964629,6,07:00 AM to 07:30 AM
work,Model-Arrive,0.00014603870025556772,6,07:00 AM to 07:30 AM
work-based,Model-Arrive,0.0012721998880464097,6,07:00 AM to 07:30 AM
discretionary,Model-Arrive,0.017716059048785003,7,07:30 AM to 08:00 AM
escort,Model-Arrive,0.030871246465171216,7,07:30 AM to 08:00 AM
maintenance,Model-Arrive,0.006981101006931391,7,07:30 AM to 08:00 AM
school,Model-Arrive,0.0019290161687228525,7,07:30 AM to 08:00 AM
university,Model-Arrive,0.00015755061313446945,7,07:30 AM to 08:00 AM
work,Model-Arrive,0.0003519532676159182,7,07:30 AM to 08:00 AM
work-based,Model-Arrive,0.0034349396977253065,7,07:30 AM to 08:00 AM
discretionary,Model-Arrive,0.01753455663587057,8,08:00 AM to 08:30 AM
escort,Model-Arrive,0.0516268789115913,8,08:00 AM to 08:30 AM
maintenance,Model-Arrive,0.008764435220540033,8,08:00 AM to 08:30 AM
school,Model-Arrive,0.002754793638210375,8,08:00 AM to 08:30 AM
university,Model-Arrive,0.00010503374208964629,8,08:00 AM to 08:30 AM
work,Model-Arrive,0.0005330412559328222,8,08:00 AM to 08:30 AM
work-based,Model-Arrive,0.007238817362984072,8,08:00 AM to 08:30 AM
discretionary,Model-Arrive,0.01248451891183965,9,08:30 AM to 09:00 AM
escort,Model-Arrive,0.04976450811356541,9,08:30 AM to 09:00 AM
maintenance,Model-Arrive,0.011060400349210393,9,08:30 AM to 09:00 AM
school,Model-Arrive,0.0026557003418718724,9,08:30 AM to 09:00 AM
university,Model-Arrive,0.00047265183940340837,9,08:30 AM to 09:00 AM
work,Model-Arrive,0.000687842278203724,9,08:30 AM to 09:00 AM
work-based,Model-Arrive,0.011755126965548828,9,08:30 AM to 09:00 AM
discretionary,Model-Arrive,0.01390450837758196,10,09:00 AM to 09:30 AM
escort,Model-Arrive,0.04288353811243819,10,09:00 AM to 09:30 AM
maintenance,Model-Arrive,0.015661651168643143,10,09:00 AM to 09:30 AM
school,Model-Arrive,0.002351814233100464,10,09:00 AM to 09:30 AM
university,Model-Arrive,0.0015229892602998713,10,09:00 AM to 09:30 AM
work,Model-Arrive,0.001004746257758306,10,09:00 AM to 09:30 AM
work-based,Model-Arrive,0.013981476769630045,10,09:00 AM to 09:30 AM
discretionary,Model-Arrive,0.015384998647629081,11,09:30 AM to 10:00 AM
escort,Model-Arrive,0.018025788934576875,11,09:30 AM to 10:00 AM
maintenance,Model-Arrive,0.02232895991847615,11,09:30 AM to 10:00 AM
school,Model-Arrive,0.002163536970057309,11,09:30 AM to 10:00 AM
university,Model-Arrive,0.0036236641020927973,11,09:30 AM to 10:00 AM
work,Model-Arrive,0.0014107338444687841,11,09:30 AM to 10:00 AM
work-based,Model-Arrive,0.01610605058266755,11,09:30 AM to 10:00 AM
discretionary,Model-Arrive,0.014997081725910003,12,10:00 AM to 10:30 AM
escort,Model-Arrive,0.014207928798623806,12,10:00 AM to 10:30 AM
maintenance,Model-Arrive,0.027097980855565463,12,10:00 AM to 10:30 AM
school,Model-Arrive,0.0030487704173479332,12,10:00 AM to 10:30 AM
university,Model-Arrive,0.006958485413439067,12,10:00 AM to 10:30 AM
work,Model-Arrive,0.002032858707557503,12,10:00 AM to 10:30 AM
work-based,Model-Arrive,0.018141570403541803,12,10:00 AM to 10:30 AM
discretionary,Model-Arrive,0.014267513203410822,13,10:30 AM to 11:00 AM
escort,Model-Arrive,0.01219362775128528,13,10:30 AM to 11:00 AM
maintenance,Model-Arrive,0.02658845679453442,13,10:30 AM to 11:00 AM
school,Model-Arrive,0.004310558390724867,13,10:30 AM to 11:00 AM
university,Model-Arrive,0.01368064490717643,13,10:30 AM to 11:00 AM
work,Model-Arrive,0.0030200803212851405,13,10:30 AM to 11:00 AM
work-based,Model-Arrive,0.021207572133733654,13,10:30 AM to 11:00 AM
discretionary,Model-Arrive,0.01834953805856478,14,11:00 AM to 11:30 AM
escort,Model-Arrive,0.022426865188859103,14,11:00 AM to 11:30 AM
maintenance,Model-Arrive,0.03522861785384737,14,11:00 AM to 11:30 AM
school,Model-Arrive,0.006011659977869164,14,11:00 AM to 11:30 AM
university,Model-Arrive,0.02386891788987212,14,11:00 AM to 11:30 AM
work,Model-Arrive,0.004505293902884264,14,11:00 AM to 11:30 AM
work-based,Model-Arrive,0.02845911149559819,14,11:00 AM to 11:30 AM
discretionary,Model-Arrive,0.016723134084017825,15,11:30 AM to 12:00 PM
escort,Model-Arrive,0.03163579868751869,15,11:30 AM to 12:00 PM
maintenance,Model-Arrive,0.032677890694661496,15,11:30 AM to 12:00 PM
school,Model-Arrive,0.007861401509521214,15,11:30 AM to 12:00 PM
university,Model-Arrive,0.026914896410471865,15,11:30 AM to 12:00 PM
work,Model-Arrive,0.006720700985761227,15,11:30 AM to 12:00 PM
work-based,Model-Arrive,0.053661391277797565,15,11:30 AM to 12:00 PM
discretionary,Model-Arrive,0.015107406721995245,16,12:00 PM to 12:30 PM
escort,Model-Arrive,0.02919511274694792,16,12:00 PM to 12:30 PM
maintenance,Model-Arrive,0.034725307500877683,16,12:00 PM to 12:30 PM
school,Model-Arrive,0.011065418091132801,16,12:00 PM to 12:30 PM
university,Model-Arrive,0.03035475146390778,16,12:00 PM to 12:30 PM
work,Model-Arrive,0.009708652792990142,16,12:00 PM to 12:30 PM
work-based,Model-Arrive,0.1188489135412956,16,12:00 PM to 12:30 PM
discretionary,Model-Arrive,0.013587768872692071,17,12:30 PM to 01:00 PM
escort,Model-Arrive,0.018344352360554986,17,12:30 PM to 01:00 PM
maintenance,Model-Arrive,0.033001003513851906,17,12:30 PM to 01:00 PM
school,Model-Arrive,0.014857388231019505,17,12:30 PM to 01:00 PM
university,Model-Arrive,0.031247538271669775,17,12:30 PM to 01:00 PM
work,Model-Arrive,0.014015334063526834,17,12:30 PM to 01:00 PM
work-based,Model-Arrive,0.20001526639865655,17,12:30 PM to 01:00 PM
discretionary,Model-Arrive,0.01501843495095876,18,01:00 PM to 01:30 PM
escort,Model-Arrive,0.013149318029219618,18,01:00 PM to 01:30 PM
maintenance,Model-Arrive,0.03094737299957436,18,01:00 PM to 01:30 PM
school,Model-Arrive,0.017836793340930485,18,01:00 PM to 01:30 PM
university,Model-Arrive,0.03518630360003151,18,01:00 PM to 01:30 PM
work,Model-Arrive,0.019345746622855056,18,01:00 PM to 01:30 PM
work-based,Model-Arrive,0.18786575746781334,18,01:00 PM to 01:30 PM
discretionary,Model-Arrive,0.014566458354093413,19,01:30 PM to 02:00 PM
escort,Model-Arrive,0.014575501982444705,19,01:30 PM to 02:00 PM
maintenance,Model-Arrive,0.030378818711960454,19,01:30 PM to 02:00 PM
school,Model-Arrive,0.02054534344084956,19,01:30 PM to 02:00 PM
university,Model-Arrive,0.03329569624241788,19,01:30 PM to 02:00 PM
work,Model-Arrive,0.02615845198977729,19,01:30 PM to 02:00 PM
work-based,Model-Arrive,0.126151340898682,19,01:30 PM to 02:00 PM
discretionary,Model-Arrive,0.015142995430409839,20,02:00 PM to 02:30 PM
escort,Model-Arrive,0.015335153229007895,20,02:00 PM to 02:30 PM
maintenance,Model-Arrive,0.029139183953720303,20,02:00 PM to 02:30 PM
school,Model-Arrive,0.02538109630216849,20,02:00 PM to 02:30 PM
university,Model-Arrive,0.03663051755376415,20,02:00 PM to 02:30 PM
work,Model-Arrive,0.0319109163928441,20,02:00 PM to 02:30 PM
work-based,Model-Arrive,0.06602717418960867,20,02:00 PM to 02:30 PM
discretionary,Model-Arrive,0.015125201076202542,21,02:30 PM to 03:00 PM
escort,Model-Arrive,0.026269230203733562,21,02:30 PM to 03:00 PM
maintenance,Model-Arrive,0.03310352969686425,21,02:30 PM to 03:00 PM
school,Model-Arrive,0.1281738757039753,21,02:30 PM to 03:00 PM
university,Model-Arrive,0.04752776829556495,21,02:30 PM to 03:00 PM
work,Model-Arrive,0.022710478276743336,21,02:30 PM to 03:00 PM
work-based,Model-Arrive,0.03576153885298458,21,02:30 PM to 03:00 PM
discretionary,Model-Arrive,0.016584338121200904,22,03:00 PM to 03:30 PM
escort,Model-Arrive,0.05219539210256762,22,03:00 PM to 03:30 PM
maintenance,Model-Arrive,0.033581985217588525,22,03:00 PM to 03:30 PM
school,Model-Arrive,0.2371005301491354,22,03:00 PM to 03:30 PM
university,Model-Arrive,0.051571567366016334,22,03:00 PM to 03:30 PM
work,Model-Arrive,0.056221978824388466,22,03:00 PM to 03:30 PM
work-based,Model-Arrive,0.029158821434023714,22,03:00 PM to 03:30 PM
discretionary,Model-Arrive,0.015274673651543839,23,03:30 PM to 04:00 PM
escort,Model-Arrive,0.040384040462456076,23,03:30 PM to 04:00 PM
maintenance,Model-Arrive,0.0357940652874306,23,03:30 PM to 04:00 PM
school,Model-Arrive,0.2017407389056797,23,03:30 PM to 04:00 PM
university,Model-Arrive,0.0560355014048263,23,03:30 PM to 04:00 PM
work,Model-Arrive,0.0967579408543264,23,03:30 PM to 04:00 PM
work-based,Model-Arrive,0.02095313215612437,23,03:30 PM to 04:00 PM
discretionary,Model-Arrive,0.017246288097712358,24,04:00 PM to 04:30 PM
escort,Model-Arrive,0.031880847476732616,24,04:00 PM to 04:30 PM
maintenance,Model-Arrive,0.04143921906117085,24,04:00 PM to 04:30 PM
school,Model-Arrive,0.0933624007002593,24,04:00 PM to 04:30 PM
university,Model-Arrive,0.052937006013181735,24,04:00 PM to 04:30 PM
work,Model-Arrive,0.129390288426433,24,04:00 PM to 04:30 PM
work-based,Model-Arrive,0.014846572693501602,24,04:00 PM to 04:30 PM
discretionary,Model-Arrive,0.020588067817842753,25,04:30 PM to 05:00 PM
escort,Model-Arrive,0.03679162521257982,25,04:30 PM to 05:00 PM
maintenance,Model-Arrive,0.04902615660408427,25,04:30 PM to 05:00 PM
school,Model-Arrive,0.04428479413367686,25,04:30 PM to 05:00 PM
university,Model-Arrive,0.051230207704224984,25,04:30 PM to 05:00 PM
work,Model-Arrive,0.14538152610441768,25,04:30 PM to 05:00 PM
work-based,Model-Arrive,0.010355707088697777,25,04:30 PM to 05:00 PM
discretionary,Model-Arrive,0.02530001281193503,26,05:00 PM to 05:30 PM
escort,Model-Arrive,0.045726104067319806,26,05:00 PM to 05:30 PM
maintenance,Model-Arrive,0.058794105676533,26,05:00 PM to 05:30 PM
school,Model-Arrive,0.0404763084444004,26,05:00 PM to 05:30 PM
university,Model-Arrive,0.04873565632959588,26,05:00 PM to 05:30 PM
work,Model-Arrive,0.22028915662650603,26,05:00 PM to 05:30 PM
work-based,Model-Arrive,0.006857157396570149,26,05:00 PM to 05:30 PM
discretionary,Model-Arrive,0.030944381966489673,27,05:30 PM to 06:00 PM
escort,Model-Arrive,0.056199489318323276,27,05:30 PM to 06:00 PM
maintenance,Model-Arrive,0.05317069988100749,27,05:30 PM to 06:00 PM
school,Model-Arrive,0.03444482980726354,27,05:30 PM to 06:00 PM
university,Model-Arrive,0.04020166478481212,27,05:30 PM to 06:00 PM
work,Model-Arrive,0.07615626140927345,27,05:30 PM to 06:00 PM
work-based,Model-Arrive,0.0026207317693756043,27,05:30 PM to 06:00 PM
discretionary,Model-Arrive,0.03864933733824932,28,06:00 PM to 06:30 PM
escort,Model-Arrive,0.061071059247896256,28,06:00 PM to 06:30 PM
maintenance,Model-Arrive,0.038789072573003305,28,06:00 PM to 06:30 PM
school,Model-Arrive,0.022890551454194125,28,06:00 PM to 06:30 PM
university,Model-Arrive,0.03949268702570701,28,06:00 PM to 06:30 PM
work,Model-Arrive,0.06691347207009858,28,06:00 PM to 06:30 PM
work-based,Model-Arrive,0.0017810798432649738,28,06:00 PM to 06:30 PM
discretionary,Model-Arrive,0.04569590160433898,29,06:30 PM to 07:00 PM
escort,Model-Arrive,0.040942751701863844,29,06:30 PM to 07:00 PM
maintenance,Model-Arrive,0.039236459553420804,29,06:30 PM to 07:00 PM
school,Model-Arrive,0.014906934879188757,29,06:30 PM to 07:00 PM
university,Model-Arrive,0.03820602368510884,29,06:30 PM to 07:00 PM
work,Model-Arrive,0.04818985031033224,29,06:30 PM to 07:00 PM
work-based,Model-Arrive,0.0006869879395450613,29,06:30 PM to 07:00 PM
discretionary,Model-Arrive,0.056949051205033664,30,07:00 PM to 07:30 PM
escort,Model-Arrive,0.03298356702819531,30,07:00 PM to 07:30 PM
maintenance,Model-Arrive,0.038745576616573824,30,07:00 PM to 07:30 PM
school,Model-Arrive,0.009797023897999966,30,07:00 PM to 07:30 PM
university,Model-Arrive,0.03384712338838852,30,07:00 PM to 07:30 PM
work,Model-Arrive,0.004541803577948156,30,07:00 PM to 07:30 PM
work-based,Model-Arrive,0.00021627398096788966,30,07:00 PM to 07:30 PM
discretionary,Model-Arrive,0.043827494412572776,31,07:30 PM to 08:00 PM
escort,Model-Arrive,0.028116898074406614,31,07:30 PM to 08:00 PM
maintenance,Model-Arrive,0.03618242204126523,31,07:30 PM to 08:00 PM
school,Model-Arrive,0.011151298947959503,31,07:30 PM to 08:00 PM
university,Model-Arrive,0.034608618018538456,31,07:30 PM to 08:00 PM
work,Model-Arrive,0.002520627966411099,31,07:30 PM to 08:00 PM
work-based,Model-Arrive,0.0001526639865655692,31,07:30 PM to 08:00 PM
discretionary,Model-Arrive,0.05333679730095235,32,08:00 PM to 08:30 PM
escort,Model-Arrive,0.02341196132149911,32,08:00 PM to 08:30 PM
maintenance,Model-Arrive,0.033485672742637536,32,08:00 PM to 08:30 PM
school,Model-Arrive,0.007131414226494244,32,08:00 PM to 08:30 PM
university,Model-Arrive,0.031930257595252476,32,08:00 PM to 08:30 PM
work,Model-Arrive,0.001886820007301935,32,08:00 PM to 08:30 PM
work-based,Model-Arrive,0.00010177599104371279,32,08:00 PM to 08:30 PM
discretionary,Model-Arrive,0.06483550898970775,33,08:30 PM to 09:00 PM
escort,Model-Arrive,0.020638009027597395,33,08:30 PM to 09:00 PM
maintenance,Model-Arrive,0.028219555160639887,33,08:30 PM to 09:00 PM
school,Model-Arrive,0.004336983269748468,33,08:30 PM to 09:00 PM
university,Model-Arrive,0.031536381062416304,33,08:30 PM to 09:00 PM
work,Model-Arrive,0.0013698430083972253,33,08:30 PM to 09:00 PM
work-based,Model-Arrive,0.00012721998880464098,33,08:30 PM to 09:00 PM
discretionary,Model-Arrive,0.07369353851410025,34,09:00 PM to 09:30 PM
escort,Model-Arrive,0.017222028905955176,34,09:00 PM to 09:30 PM
maintenance,Model-Arrive,0.024885900785723385,34,09:00 PM to 09:30 PM
school,Model-Arrive,0.0024542106393169168,34,09:00 PM to 09:30 PM
university,Model-Arrive,0.028621694719428617,34,09:00 PM to 09:30 PM
work,Model-Arrive,0.0011332603139832056,34,09:00 PM to 09:30 PM
work-based,Model-Arrive,7.63319932827846e-05,34,09:00 PM to 09:30 PM
discretionary,Model-Arrive,0.05255028684498982,35,09:30 PM to 10:00 PM
escort,Model-Arrive,0.014688224425483114,35,09:30 PM to 10:00 PM
maintenance,Model-Arrive,0.020856311107935215,35,09:30 PM to 10:00 PM
school,Model-Arrive,0.0024872417380964176,35,09:30 PM to 10:00 PM
university,Model-Arrive,0.029304414043011318,35,09:30 PM to 10:00 PM
work,Model-Arrive,0.0007710843373493976,35,09:30 PM to 10:00 PM
work-based,Model-Arrive,0.00012721998880464098,35,09:30 PM to 10:00 PM
discretionary,Model-Arrive,0.039827323586772385,36,10:00 PM to 10:30 PM
escort,Model-Arrive,0.01306600144088688,36,10:00 PM to 10:30 PM
maintenance,Model-Arrive,0.016839148846269757,36,10:00 PM to 10:30 PM
school,Model-Arrive,0.0025037572874861682,36,10:00 PM to 10:30 PM
university,Model-Arrive,0.027912716960323505,36,10:00 PM to 10:30 PM
work,Model-Arrive,0.0006849215041986127,36,10:00 PM to 10:30 PM
work-based,Model-Arrive,6.360999440232049e-05,36,10:00 PM to 10:30 PM
discretionary,Model-Arrive,0.03189460048115934,37,10:30 PM to 11:00 PM
escort,Model-Arrive,0.011149719909233928,37,10:30 PM to 11:00 PM
maintenance,Model-Arrive,0.014362986183820125,37,10:30 PM to 11:00 PM
school,Model-Arrive,0.0024145733207815157,37,10:30 PM to 11:00 PM
university,Model-Arrive,0.02736128981435286,37,10:30 PM to 11:00 PM
work,Model-Arrive,0.000696604600219058,37,10:30 PM to 11:00 PM
work-based,Model-Arrive,0.00012721998880464098,37,10:30 PM to 11:00 PM
discretionary,Model-Arrive,0.02615770068472675,38,11:00 PM to 11:30 PM
escort,Model-Arrive,0.009615714488754711,38,11:00 PM to 11:30 PM
maintenance,Model-Arrive,0.012088769033364505,38,11:00 PM to 11:30 PM
school,Model-Arrive,0.0023253893540768635,38,11:00 PM to 11:30 PM
university,Model-Arrive,0.02667857049077016,38,11:00 PM to 11:30 PM
work,Model-Arrive,0.0006279664110989412,38,11:00 PM to 11:30 PM
work-based,Model-Arrive,7.63319932827846e-05,38,11:00 PM to 11:30 PM
discretionary,Model-Arrive,0.022499181459706464,39,11:30 PM to 12:00 AM
escort,Model-Arrive,0.00889037007268147,39,11:30 PM to 12:00 AM
maintenance,Model-Arrive,0.010056886497301697,39,11:30 PM to 12:00 AM
school,Model-Arrive,0.0023584204528563643,39,11:30 PM to 12:00 AM
university,Model-Arrive,0.02751884042748733,39,11:30 PM to 12:00 AM
work,Model-Arrive,0.0007316538882803943,39,11:30 PM to 12:00 AM
work-based,Model-Arrive,7.63319932827846e-05,39,11:30 PM to 12:00 AM
discretionary,Model-Arrive,0.02307927740686435,40,12:00 PM to 03:00 AM
escort,Model-Arrive,0.009169725692385354,40,12:00 PM to 03:00 AM
maintenance,Model-Arrive,0.009106189163914511,40,12:00 PM to 03:00 AM
school,Model-Arrive,0.0022857520355414624,40,12:00 PM to 03:00 AM
university,Model-Arrive,0.03022345928629572,40,12:00 PM to 03:00 AM
work,Model-Arrive,0.0013859072654253378,40,12:00 PM to 03:00 AM
work-based,Model-Arrive,0.0007505979339473818,40,12:00 PM to 03:00 AM
all,Model-Arrive,0.0003259936789668669,1,03:00 AM to 05:00 AM
all,Model-Arrive,0.001016702597484145,2,05:00 AM to 05:30 AM
all,Model-Arrive,0.002329572806999184,3,05:30 AM to 06:00 AM
all,Model-Arrive,0.004364547794964104,4,06:00 AM to 06:30 AM
all,Model-Arrive,0.006963078468719258,5,06:30 AM to 07:00 AM
all,Model-Arrive,0.007891872658392113,6,07:00 AM to 07:30 AM
all,Model-Arrive,0.007652740858572116,7,07:30 AM to 08:00 AM
all,Model-Arrive,0.010493542918140529,8,08:00 AM to 08:30 AM
all,Model-Arrive,0.010171735353831342,9,08:30 AM to 09:00 AM
all,Model-Arrive,0.01059871904891475,10,09:00 AM to 09:30 AM
all,Model-Arrive,0.009530213282541809,11,09:30 AM to 10:00 AM
all,Model-Arrive,0.010382087615379785,12,10:00 AM to 10:30 AM
all,Model-Arrive,0.01078761747284258,13,10:30 AM to 11:00 AM
all,Model-Arrive,0.015238503882621345,14,11:00 AM to 11:30 AM
all,Model-Arrive,0.017737091068924377,15,11:30 AM to 12:00 PM
all,Model-Arrive,0.02191169391129623,16,12:00 PM to 12:30 PM
all,Model-Arrive,0.025739372501412814,17,12:30 PM to 01:00 PM
all,Model-Arrive,0.027009858300018837,18,01:00 PM to 01:30 PM
all,Model-Arrive,0.0272939908324089,19,01:30 PM to 02:00 PM
all,Model-Arrive,0.027671787680264563,20,02:00 PM to 02:30 PM
all,Model-Arrive,0.041463988948657306,21,02:30 PM to 03:00 PM
all,Model-Arrive,0.07359922138267368,22,03:00 PM to 03:30 PM
all,Model-Arrive,0.08119231010737384,23,03:30 PM to 04:00 PM
all,Model-Arrive,0.07573570965108735,24,04:00 PM to 04:30 PM
all,Model-Arrive,0.07576553571802332,25,04:30 PM to 05:00 PM
all,Model-Arrive,0.10510025744605145,26,05:00 PM to 05:30 PM
all,Model-Arrive,0.05315790024488771,27,05:30 PM to 06:00 PM
all,Model-Arrive,0.04719791950101513,28,06:00 PM to 06:30 PM
all,Model-Arrive,0.03811614375117735,29,06:30 PM to 07:00 PM
all,Model-Arrive,0.022283211587165373,30,07:00 PM to 07:30 PM
all,Model-Arrive,0.01890554032274944,31,07:30 PM to 08:00 PM
all,Model-Arrive,0.018427799987441654,32,08:00 PM to 08:30 PM
all,Model-Arrive,0.01830064675471461,33,08:30 PM to 09:00 PM
all,Model-Arrive,0.018233668920191723,34,09:00 PM to 09:30 PM
all,Model-Arrive,0.014066915042803023,35,09:30 PM to 10:00 PM
all,Model-Arrive,0.011287858174435398,36,10:00 PM to 10:30 PM
all,Model-Arrive,0.009481549699646274,37,10:30 PM to 11:00 PM
all,Model-Arrive,0.0080368168784143,38,11:00 PM to 11:30 PM
all,Model-Arrive,0.007138372020009628,39,11:30 PM to 12:00 AM
all,Model-Arrive,0.007397911128785817,40,12:00 PM to 03:00 AM
discretionary,Model-Depart,0.016883283271883497,1,03:00 AM to 05:00 AM
escort,Model-Depart,0.004587313334084816,1,03:00 AM to 05:00 AM
maintenance,Model-Depart,0.004473869804174991,1,03:00 AM to 05:00 AM
school,Model-Depart,0.006484004690416027,1,03:00 AM to 05:00 AM
university,Model-Depart,0.002967203214032508,1,03:00 AM to 05:00 AM
work,Model-Depart,0.031126688572471705,1,03:00 AM to 05:00 AM
work-based,Model-Depart,0.00016538598544603328,1,03:00 AM to 05:00 AM
discretionary,Model-Depart,0.01980155736188022,2,05:00 AM to 05:30 AM
escort,Model-Depart,0.006939781710538568,2,05:00 AM to 05:30 AM
maintenance,Model-Depart,0.0059465186147159245,2,05:00 AM to 05:30 AM
school,Model-Depart,0.005536012155444351,2,05:00 AM to 05:30 AM
university,Model-Depart,0.002783394165375627,2,05:00 AM to 05:30 AM
work,Model-Depart,0.02409784592917123,2,05:00 AM to 05:30 AM
work-based,Model-Depart,0.00036893796753345885,2,05:00 AM to 05:30 AM
discretionary,Model-Depart,0.02183367261235355,3,05:30 AM to 06:00 AM
escort,Model-Depart,0.01045868232365064,3,05:30 AM to 06:00 AM
maintenance,Model-Depart,0.008724046118141232,3,05:30 AM to 06:00 AM
school,Model-Depart,0.005275066475086293,3,05:30 AM to 06:00 AM
university,Model-Depart,0.0016542814379119292,3,05:30 AM to 06:00 AM
work,Model-Depart,0.024508214676889375,3,05:30 AM to 06:00 AM
work-based,Model-Depart,0.0005979339473818127,3,05:30 AM to 06:00 AM
discretionary,Model-Depart,0.02332839836576651,4,06:00 AM to 06:30 AM
escort,Model-Depart,0.014658818570777441,4,06:00 AM to 06:30 AM
maintenance,Model-Depart,0.011538855869934663,4,06:00 AM to 06:30 AM
school,Model-Depart,0.0051297296404564895,4,06:00 AM to 06:30 AM
university,Model-Depart,0.02082293936927238,4,06:00 AM to 06:30 AM
work,Model-Depart,0.10983570646221248,4,06:00 AM to 06:30 AM
work-based,Model-Depart,0.0013739758790901227,4,06:00 AM to 06:30 AM
discretionary,Model-Depart,0.02492633137358179,5,06:30 AM to 07:00 AM
escort,Model-Depart,0.026019280438735352,5,06:30 AM to 07:00 AM
maintenance,Model-Depart,0.015046494070569082,5,06:30 AM to 07:00 AM
school,Model-Depart,0.0936398619300071,5,06:30 AM to 07:00 AM
university,Model-Depart,0.02872672846151826,5,06:30 AM to 07:00 AM
work,Model-Depart,0.1493669222343921,5,06:30 AM to 07:00 AM
work-based,Model-Depart,0.0023535697928858583,5,06:30 AM to 07:00 AM
discretionary,Model-Depart,0.026360556322689938,6,07:00 AM to 07:30 AM
escort,Model-Depart,0.040320327777260453,6,07:00 AM to 07:30 AM
maintenance,Model-Depart,0.018815108009780375,6,07:00 AM to 07:30 AM
school,Model-Depart,0.21481444780260614,6,07:00 AM to 07:30 AM
university,Model-Depart,0.12877136780190637,6,07:00 AM to 07:30 AM
work,Model-Depart,0.2981277838627236,6,07:00 AM to 07:30 AM
work-based,Model-Depart,0.008612793242074195,6,07:00 AM to 07:30 AM
discretionary,Model-Depart,0.024773299927399035,7,07:30 AM to 08:00 AM
escort,Model-Depart,0.054253801931964656,7,07:30 AM to 08:00 AM
maintenance,Model-Depart,0.02513444910817755,7,07:30 AM to 08:00 AM
school,Model-Depart,0.275512394919817,7,07:30 AM to 08:00 AM
university,Model-Depart,0.10810597904576845,7,07:30 AM to 08:00 AM
work,Model-Depart,0.27770427163198247,7,07:30 AM to 08:00 AM
work-based,Model-Depart,0.02209811205536614,7,07:30 AM to 08:00 AM
discretionary,Model-Depart,0.028097285293322134,8,08:00 AM to 08:30 AM
escort,Model-Depart,0.06828039462657015,8,08:00 AM to 08:30 AM
maintenance,Model-Depart,0.0375836132091006,8,08:00 AM to 08:30 AM
school,Model-Depart,0.21178219293464798,8,08:00 AM to 08:30 AM
university,Model-Depart,0.08686290470813748,8,08:00 AM to 08:30 AM
work,Model-Depart,0.034468054034319094,8,08:00 AM to 08:30 AM
work-based,Model-Depart,0.022187166047529388,8,08:00 AM to 08:30 AM
discretionary,Model-Depart,0.02936068444204023,9,08:30 AM to 09:00 AM
escort,Model-Depart,0.05265118285050554,9,08:30 AM to 09:00 AM
maintenance,Model-Depart,0.041032221183152154,9,08:30 AM to 09:00 AM
school,Model-Depart,0.12877834481164016,9,08:30 AM to 09:00 AM
university,Model-Depart,0.08628521912664444,9,08:30 AM to 09:00 AM
work,Model-Depart,0.020376779846659365,9,08:30 AM to 09:00 AM
work-based,Model-Depart,0.022657880006106558,9,08:30 AM to 09:00 AM
discretionary,Model-Depart,0.024214557205289904,10,09:00 AM to 09:30 AM
escort,Model-Depart,0.015619409824496057,10,09:00 AM to 09:30 AM
maintenance,Model-Depart,0.04102290062106012,10,09:00 AM to 09:30 AM
school,Model-Depart,0.014659201638342499,10,09:00 AM to 09:30 AM
university,Model-Depart,0.06375548144841531,10,09:00 AM to 09:30 AM
work,Model-Depart,0.004511135450894487,10,09:00 AM to 09:30 AM
work-based,Model-Depart,0.02353569792885858,10,09:00 AM to 09:30 AM
discretionary,Model-Depart,0.019975942033111736,11,09:30 AM to 10:00 AM
escort,Model-Depart,0.014227532701760921,11,09:30 AM to 10:00 AM
maintenance,Model-Depart,0.039935501710323146,11,09:30 AM to 10:00 AM
school,Model-Depart,0.006123965713719467,11,09:30 AM to 10:00 AM
university,Model-Depart,0.050915106477956044,11,09:30 AM to 10:00 AM
work,Model-Depart,0.003389558232931727,11,09:30 AM to 10:00 AM
work-based,Model-Depart,0.0235993079232609,11,09:30 AM to 10:00 AM
discretionary,Model-Depart,0.017434908252309707,12,10:00 AM to 10:30 AM
escort,Model-Depart,0.014276542459603707,12,10:00 AM to 10:30 AM
maintenance,Model-Depart,0.03890402617213835,12,10:00 AM to 10:30 AM
school,Model-Depart,0.004327073940114618,12,10:00 AM to 10:30 AM
university,Model-Depart,0.04185594622272405,12,10:00 AM to 10:30 AM
work,Model-Depart,0.002865279299014239,12,10:00 AM to 10:30 AM
work-based,Model-Depart,0.026270927688158363,12,10:00 AM to 10:30 AM
discretionary,Model-Depart,0.010605435107549077,13,10:30 AM to 11:00 AM
escort,Model-Depart,0.016462377659391986,13,10:30 AM to 11:00 AM
maintenance,Model-Depart,0.03412568467295701,13,10:30 AM to 11:00 AM
school,Model-Depart,0.003633420865745099,13,10:30 AM to 11:00 AM
university,Model-Depart,0.035921539794659035,13,10:30 AM to 11:00 AM
work,Model-Depart,0.002348302300109529,13,10:30 AM to 11:00 AM
work-based,Model-Depart,0.0345147829626991,13,10:30 AM to 11:00 AM
discretionary,Model-Depart,0.011050293962731505,14,11:00 AM to 11:30 AM
escort,Model-Depart,0.031969065040849634,14,11:00 AM to 11:30 AM
maintenance,Model-Depart,0.03133262289937832,14,11:00 AM to 11:30 AM
school,Model-Depart,0.003603692876843548,14,11:00 AM to 11:30 AM
university,Model-Depart,0.03282304440301447,14,11:00 AM to 11:30 AM
work,Model-Depart,0.002046002190580504,14,11:00 AM to 11:30 AM
work-based,Model-Depart,0.0762938272861432,14,11:00 AM to 11:30 AM
discretionary,Model-Depart,0.011680214101669821,15,11:30 AM to 12:00 PM
escort,Model-Depart,0.034301929514166274,15,11:30 AM to 12:00 PM
maintenance,Model-Depart,0.025675041709515362,15,11:30 AM to 12:00 PM
school,Model-Depart,0.003620208426233299,15,11:30 AM to 12:00 PM
university,Model-Depart,0.02919938030092167,15,11:30 AM to 12:00 PM
work,Model-Depart,0.0017320189850310332,15,11:30 AM to 12:00 PM
work-based,Model-Depart,0.19342527097857615,15,11:30 AM to 12:00 PM
discretionary,Model-Depart,0.012064572152547439,16,12:00 PM to 12:30 PM
escort,Model-Depart,0.01353649511617763,16,12:00 PM to 12:30 PM
maintenance,Model-Depart,0.026147283522178277,16,12:00 PM to 12:30 PM
school,Model-Depart,0.00219987117871476,16,12:00 PM to 12:30 PM
university,Model-Depart,0.024630412520022057,16,12:00 PM to 12:30 PM
work,Model-Depart,0.0016195691858342462,16,12:00 PM to 12:30 PM
work-based,Model-Depart,0.24653961630451376,16,12:00 PM to 12:30 PM
discretionary,Model-Depart,0.01231013424060814,17,12:30 PM to 01:00 PM
escort,Model-Depart,0.012492587274126278,17,12:30 PM to 01:00 PM
maintenance,Model-Depart,0.025556981256349632,17,12:30 PM to 01:00 PM
school,Model-Depart,0.0014897025549554905,17,12:30 PM to 01:00 PM
university,Model-Depart,0.019798860383898328,17,12:30 PM to 01:00 PM
work,Model-Depart,0.001565534866739686,17,12:30 PM to 01:00 PM
work-based,Model-Depart,0.10428222482316421,17,12:30 PM to 01:00 PM
discretionary,Model-Depart,0.012915142283656242,18,01:00 PM to 01:30 PM
escort,Model-Depart,0.011012492587274126,18,01:00 PM to 01:30 PM
maintenance,Model-Depart,0.026436220947031245,18,01:00 PM to 01:30 PM
school,Model-Depart,0.0008786272275347239,18,01:00 PM to 01:30 PM
university,Model-Depart,0.018590972349867396,18,01:00 PM to 01:30 PM
work,Model-Depart,0.0013946695874406717,18,01:00 PM to 01:30 PM
work-based,Model-Depart,0.07027632181568368,18,01:00 PM to 01:30 PM
discretionary,Model-Depart,0.013409825330619102,19,01:30 PM to 02:00 PM
escort,Model-Depart,0.0192363299532937,19,01:30 PM to 02:00 PM
maintenance,Model-Depart,0.026274664537436036,19,01:30 PM to 02:00 PM
school,Model-Depart,0.0012056351054517828,19,01:30 PM to 02:00 PM
university,Model-Depart,0.016621589685686528,19,01:30 PM to 02:00 PM
work,Model-Depart,0.0013114275282949982,19,01:30 PM to 02:00 PM
work-based,Model-Depart,0.04405628212304717,19,01:30 PM to 02:00 PM
discretionary,Model-Depart,0.013687417256252936,20,02:00 PM to 02:30 PM
escort,Model-Depart,0.03291005239143113,20,02:00 PM to 02:30 PM
maintenance,Model-Depart,0.026641273313055932,20,02:00 PM to 02:30 PM
school,Model-Depart,0.0010834200399676296,20,02:00 PM to 02:30 PM
university,Model-Depart,0.015387443216133183,20,02:00 PM to 02:30 PM
work,Model-Depart,0.0011391018619934282,20,02:00 PM to 02:30 PM
work-based,Model-Depart,0.026423591674723933,20,02:00 PM to 02:30 PM
discretionary,Model-Depart,0.01440275029538628,21,02:30 PM to 03:00 PM
escort,Model-Depart,0.042167995647933505,21,02:30 PM to 03:00 PM
maintenance,Model-Depart,0.026535640276012913,21,02:30 PM to 03:00 PM
school,Model-Depart,0.001357578159837487,21,02:30 PM to 03:00 PM
university,Model-Depart,0.01302418401911614,21,02:30 PM to 03:00 PM
work,Model-Depart,0.0010441767068273093,21,02:30 PM to 03:00 PM
work-based,Model-Depart,0.018167014401302733,21,02:30 PM to 03:00 PM
discretionary,Model-Depart,0.017128845359944196,22,03:00 PM to 03:30 PM
escort,Model-Depart,0.04153576977176156,22,03:00 PM to 03:30 PM
maintenance,Model-Depart,0.029850653526745353,22,03:00 PM to 03:30 PM
school,Model-Depart,0.0015623709722703927,22,03:00 PM to 03:30 PM
university,Model-Depart,0.012446498437623086,22,03:00 PM to 03:30 PM
work,Model-Depart,0.0009127418765972983,22,03:00 PM to 03:30 PM
work-based,Model-Depart,0.012174952928604143,22,03:00 PM to 03:30 PM
discretionary,Model-Depart,0.02381952254188791,23,03:30 PM to 04:00 PM
escort,Model-Depart,0.035110590518572245,23,03:30 PM to 04:00 PM
maintenance,Model-Depart,0.03670748037244966,23,03:30 PM to 04:00 PM
school,Model-Depart,0.0013014252919123354,23,03:30 PM to 04:00 PM
university,Model-Depart,0.01200010503374209,23,03:30 PM to 04:00 PM
work,Model-Depart,0.0009448703906535232,23,03:30 PM to 04:00 PM
work-based,Model-Depart,0.00810391328685563,23,03:30 PM to 04:00 PM
discretionary,Model-Depart,0.030691702136746053,24,04:00 PM to 04:30 PM
escort,Model-Depart,0.0351448973490622,24,04:00 PM to 04:30 PM
maintenance,Model-Depart,0.043443139910957565,24,04:00 PM to 04:30 PM
school,Model-Depart,0.0011659977869163819,24,04:00 PM to 04:30 PM
university,Model-Depart,0.013313026809862669,24,04:00 PM to 04:30 PM
work,Model-Depart,0.0008601679445052939,24,04:00 PM to 04:30 PM
work-based,Model-Depart,0.00521601954099028,24,04:00 PM to 04:30 PM
discretionary,Model-Depart,0.032777200449841275,25,04:30 PM to 05:00 PM
escort,Model-Depart,0.036306428609936235,25,04:30 PM to 05:00 PM
maintenance,Model-Depart,0.045589976046155424,25,04:30 PM to 05:00 PM
school,Model-Depart,0.0009314769855819254,25,04:30 PM to 05:00 PM
university,Model-Depart,0.013129217761205788,25,04:30 PM to 05:00 PM
work,Model-Depart,0.0007725447243519533,25,04:30 PM to 05:00 PM
work-based,Model-Depart,0.002938781741387207,25,04:30 PM to 05:00 PM
discretionary,Model-Depart,0.05454681338704856,26,05:00 PM to 05:30 PM
escort,Model-Depart,0.05763547522311692,26,05:00 PM to 05:30 PM
maintenance,Model-Depart,0.047649820268494326,26,05:00 PM to 05:30 PM
school,Model-Depart,0.0007861401509521214,26,05:00 PM to 05:30 PM
university,Model-Depart,0.013759420213743665,26,05:00 PM to 05:30 PM
work,Model-Depart,0.0006557137641474991,26,05:00 PM to 05:30 PM
work-based,Model-Depart,0.001144979899241769,26,05:00 PM to 05:30 PM
discretionary,Model-Depart,0.07674704969607243,27,05:30 PM to 06:00 PM
escort,Model-Depart,0.05902245137006778,27,05:30 PM to 06:00 PM
maintenance,Model-Depart,0.05293457897467603,27,05:30 PM to 06:00 PM
school,Model-Depart,0.0006672281953459182,27,05:30 PM to 06:00 PM
university,Model-Depart,0.014284588924191897,27,05:30 PM to 06:00 PM
work,Model-Depart,0.0004410368747718145,27,05:30 PM to 06:00 PM
work-based,Model-Depart,0.000648821942903669,27,05:30 PM to 06:00 PM
discretionary,Model-Depart,0.07690364001309664,28,06:00 PM to 06:30 PM
escort,Model-Depart,0.033694208516915715,28,06:00 PM to 06:30 PM
maintenance,Model-Depart,0.04928713234266115,28,06:00 PM to 06:30 PM
school,Model-Depart,0.00045252605327916236,28,06:00 PM to 06:30 PM
university,Model-Depart,0.013575611165086784,28,06:00 PM to 06:30 PM
work,Model-Depart,0.0002833150784958014,28,06:00 PM to 06:30 PM
work-based,Model-Depart,0.00040710396417485115,28,06:00 PM to 06:30 PM
discretionary,Model-Depart,0.1133393596879582,29,06:30 PM to 07:00 PM
escort,Model-Depart,0.028842242490479855,29,06:30 PM to 07:00 PM
maintenance,Model-Depart,0.050038991018085,29,06:30 PM to 07:00 PM
school,Model-Depart,0.0003600389766965598,29,06:30 PM to 07:00 PM
university,Model-Depart,0.014783499199117717,29,06:30 PM to 07:00 PM
work,Model-Depart,0.00018254837531945966,29,06:30 PM to 07:00 PM
work-based,Model-Depart,0.0001526639865655692,29,06:30 PM to 07:00 PM
discretionary,Model-Depart,0.0685936765982889,30,07:00 PM to 07:30 PM
escort,Model-Depart,0.025421361393053357,30,07:00 PM to 07:30 PM
maintenance,Model-Depart,0.03852498998039575,30,07:00 PM to 07:30 PM
school,Model-Depart,0.00035012964706270953,30,07:00 PM to 07:30 PM
university,Model-Depart,0.012315206260011029,30,07:00 PM to 07:30 PM
work,Model-Depart,0.00010514786418400876,30,07:00 PM to 07:30 PM
work-based,Model-Depart,7.63319932827846e-05,30,07:00 PM to 07:30 PM
discretionary,Model-Depart,0.03464560764160747,31,07:30 PM to 08:00 PM
escort,Model-Depart,0.02076053342220436,31,07:30 PM to 08:00 PM
maintenance,Model-Depart,0.021098645722328026,31,07:30 PM to 08:00 PM
school,Model-Depart,0.00027746122974780754,31,07:30 PM to 08:00 PM
university,Model-Depart,0.012420240002100675,31,07:30 PM to 08:00 PM
work,Model-Depart,7.301935012778386e-05,31,07:30 PM to 08:00 PM
work-based,Model-Depart,7.63319932827846e-05,31,07:30 PM to 08:00 PM
discretionary,Model-Depart,0.02559539909177616,32,08:00 PM to 08:30 PM
escort,Model-Depart,0.017888561612617072,32,08:00 PM to 08:30 PM
maintenance,Model-Depart,0.015127272275366687,32,08:00 PM to 08:30 PM
school,Model-Depart,0.00019158037292110522,32,08:00 PM to 08:30 PM
university,Model-Depart,0.009951947062993988,32,08:00 PM to 08:30 PM
work,Model-Depart,5.841548010222709e-05,32,08:00 PM to 08:30 PM
work-based,Model-Depart,0.00016538598544603328,32,08:00 PM to 08:30 PM
discretionary,Model-Depart,0.018071946132930942,33,08:30 PM to 09:00 PM
escort,Model-Depart,0.015340054204792173,33,08:30 PM to 09:00 PM
maintenance,Model-Depart,0.010746608092112009,33,08:30 PM to 09:00 PM
school,Model-Depart,0.0001651554938975045,33,08:30 PM to 09:00 PM
university,Model-Depart,0.007982564398813119,33,08:30 PM to 09:00 PM
work,Model-Depart,3.066812705366922e-05,33,08:30 PM to 09:00 PM
work-based,Model-Depart,7.63319932827846e-05,33,08:30 PM to 09:00 PM
discretionary,Model-Depart,0.01218913263199852,34,09:00 PM to 09:30 PM
escort,Model-Depart,0.013193426811278126,34,09:00 PM to 09:30 PM
maintenance,Model-Depart,0.007913157216134514,34,09:00 PM to 09:30 PM
school,Model-Depart,0.00011560884572825314,34,09:00 PM to 09:30 PM
university,Model-Depart,0.006485833574035659,34,09:00 PM to 09:30 PM
work,Model-Depart,3.5049288061336255e-05,34,09:00 PM to 09:30 PM
work-based,Model-Depart,7.63319932827846e-05,34,09:00 PM to 09:30 PM
discretionary,Model-Depart,0.007320597320882031,35,09:30 PM to 10:00 PM
escort,Model-Depart,0.010953680877862783,35,09:30 PM to 10:00 PM
maintenance,Model-Depart,0.005623405795525509,35,09:30 PM to 10:00 PM
school,Model-Depart,0.00017836793340930487,35,09:30 PM to 10:00 PM
university,Model-Depart,0.0049628443137357875,35,09:30 PM to 10:00 PM
work,Model-Depart,2.7747353048557867e-05,35,09:30 PM to 10:00 PM
work-based,Model-Depart,3.81659966413923e-05,35,09:30 PM to 10:00 PM
discretionary,Model-Depart,0.006936239270004413,36,10:00 PM to 10:30 PM
escort,Model-Depart,0.009625516440323268,36,10:00 PM to 10:30 PM
maintenance,Model-Depart,0.0036350192158921798,36,10:00 PM to 10:30 PM
school,Model-Depart,8.588085682670235e-05,36,10:00 PM to 10:30 PM
university,Model-Depart,0.0031772706982118007,36,10:00 PM to 10:30 PM
work,Model-Depart,1.3143483023001096e-05,36,10:00 PM to 10:30 PM
work-based,Model-Depart,3.81659966413923e-05,36,10:00 PM to 10:30 PM
discretionary,Model-Depart,0.005249334491152647,37,10:30 PM to 11:00 PM
escort,Model-Depart,0.008155223705039674,37,10:30 PM to 11:00 PM
maintenance,Model-Depart,0.0024264529979587967,37,10:30 PM to 11:00 PM
school,Model-Depart,0.00012882128524005352,37,10:30 PM to 11:00 PM
university,Model-Depart,0.0017855736155239872,37,10:30 PM to 11:00 PM
work,Model-Depart,4.381161007667032e-06,37,10:30 PM to 11:00 PM
work-based,Model-Depart,8.905399216324868e-05,37,10:30 PM to 11:00 PM
discretionary,Model-Depart,0.0030855410195453187,38,11:00 PM to 11:30 PM
escort,Model-Depart,0.006915276831617175,38,11:00 PM to 11:30 PM
maintenance,Model-Depart,0.0013918706057433304,38,11:00 PM to 11:30 PM
school,Model-Depart,5.284975804720144e-05,38,11:00 PM to 11:30 PM
university,Model-Depart,0.0009978205498516399,38,11:00 PM to 11:30 PM
work,Model-Depart,1.606425702811245e-05,38,11:00 PM to 11:30 PM
work-based,Model-Depart,3.81659966413923e-05,38,11:00 PM to 11:30 PM
discretionary,Model-Depart,0.0016121684911811181,39,11:30 PM to 12:00 AM
escort,Model-Depart,0.0052244401860410405,39,11:30 PM to 12:00 AM
maintenance,Model-Depart,0.0007922477778226545,39,11:30 PM to 12:00 AM
school,Model-Depart,5.615286792515153e-05,39,11:30 PM to 12:00 AM
university,Model-Depart,0.0010240789853740513,39,11:30 PM to 12:00 AM
work,Model-Depart,1.4603870025556772e-06,39,11:30 PM to 12:00 AM
work-based,Model-Depart,2.5443997760928197e-05,39,11:30 PM to 12:00 AM
discretionary,Model-Depart,0.001629962845388415,40,12:00 PM to 03:00 AM
escort,Model-Depart,0.0028474669306658954,40,12:00 PM to 03:00 AM
maintenance,Model-Depart,0.0003355402353131243,40,12:00 PM to 03:00 AM
school,Model-Depart,3.633420865745099e-05,40,12:00 PM to 03:00 AM
university,Model-Depart,0.002100674841792926,40,12:00 PM to 03:00 AM
work,Model-Depart,2.9207740051113544e-06,40,12:00 PM to 03:00 AM
work-based,Model-Depart,0.0007124319373059895,40,12:00 PM to 03:00 AM
all,Model-Depart,0.015971597212047637,1,03:00 AM to 05:00 AM
all,Model-Depart,0.014235929422106872,2,05:00 AM to 05:30 AM
all,Model-Depart,0.015470833246122612,3,05:30 AM to 06:00 AM
all,Model-Depart,0.047577286141867424,4,06:00 AM to 06:30 AM
all,Model-Depart,0.07799935115222806,5,06:30 AM to 07:00 AM
all,Model-Depart,0.15512066475500763,6,07:00 AM to 07:30 AM
all,Model-Depart,0.15987975385645814,7,07:30 AM to 08:00 AM
all,Model-Depart,0.06629445130502125,8,08:00 AM to 08:30 AM
all,Model-Depart,0.04720210561567281,9,08:30 AM to 09:00 AM
all,Model-Depart,0.018314251627352073,10,09:00 AM to 09:30 AM
all,Model-Depart,0.015352052242710927,11,09:30 AM to 10:00 AM
all,Model-Depart,0.014266802017707265,12,10:00 AM to 10:30 AM
all,Model-Depart,0.012616949578248948,13,10:30 AM to 11:00 AM
all,Model-Depart,0.015411181112250665,14,11:00 AM to 11:30 AM
all,Model-Depart,0.01943560709127823,15,11:30 AM to 12:00 PM
all,Model-Depart,0.01918287041882077,16,12:00 PM to 12:30 PM
all,Model-Depart,0.012928815120246144,17,12:30 PM to 01:00 PM
all,Model-Depart,0.011427046486803273,18,01:00 PM to 01:30 PM
all,Model-Depart,0.011254892521506164,19,01:30 PM to 02:00 PM
all,Model-Depart,0.011986416057935826,20,02:00 PM to 02:30 PM
all,Model-Depart,0.012684973941436256,21,02:30 PM to 03:00 PM
all,Model-Depart,0.013303995646440756,22,03:00 PM to 03:30 PM
all,Model-Depart,0.014550411285765117,23,03:30 PM to 04:00 PM
all,Model-Depart,0.016554513678129643,24,04:00 PM to 04:30 PM
all,Model-Depart,0.017180861083785085,25,04:30 PM to 05:00 PM
all,Model-Depart,0.02287973292588484,26,05:00 PM to 05:30 PM
all,Model-Depart,0.027076312870209514,27,05:30 PM to 06:00 PM
all,Model-Depart,0.023666199217196558,28,06:00 PM to 06:30 PM
all,Model-Depart,0.028594825962283108,29,06:30 PM to 07:00 PM
all,Model-Depart,0.019629738158528164,30,07:00 PM to 07:30 PM
all,Model-Depart,0.011184775100990016,31,07:30 PM to 08:00 PM
all,Model-Depart,0.008477405446135169,32,08:00 PM to 08:30 PM
all,Model-Depart,0.006304288674466794,33,08:30 PM to 09:00 PM
all,Model-Depart,0.004696820645917491,34,09:00 PM to 09:30 PM
all,Model-Depart,0.0033316240031814473,35,09:30 PM to 10:00 PM
all,Model-Depart,0.0027429516294451305,36,10:00 PM to 10:30 PM
all,Model-Depart,0.002112418109132009,37,10:30 PM to 11:00 PM
all,Model-Depart,0.0014620005441949055,38,11:00 PM to 11:30 PM
all,Model-Depart,0.0009591435209410385,39,11:30 PM to 12:00 AM
all,Model-Depart,0.0006781505745442368,40,12:00 PM to 03:00 AM
work,Survey-Arrive,0.00011240345040445367,1,03:00 AM to 05:00 AM
work,Survey-Arrive,0.0,2,05:00 AM to 05:30 AM
work,Survey-Arrive,3.918441540357798e-05,3,05:30 AM to 06:00 AM
work,Survey-Arrive,0.00012102124609243142,4,06:00 AM to 06:30 AM
work,Survey-Arrive,0.00016960924000055202,5,06:30 AM to 07:00 AM
work,Survey-Arrive,0.0003628362426858952,6,07:00 AM to 07:30 AM
work,Survey-Arrive,0.00013109329770605267,7,07:30 AM to 08:00 AM
work,Survey-Arrive,0.0004057245769456165,8,08:00 AM to 08:30 AM
work,Survey-Arrive,0.0013077696176258646,9,08:30 AM to 09:00 AM
work,Survey-Arrive,0.0014273326920768846,10,09:00 AM to 09:30 AM
work,Survey-Arrive,0.001621747713029181,11,09:30 AM to 10:00 AM
work,Survey-Arrive,0.0020612304534731525,12,10:00 AM to 10:30 AM
work,Survey-Arrive,0.0025725557856659986,13,10:30 AM to 11:00 AM
work,Survey-Arrive,0.005131641611548797,14,11:00 AM to 11:30 AM
work,Survey-Arrive,0.006664694604433321,15,11:30 AM to 12:00 PM
work,Survey-Arrive,0.01144781838901155,16,12:00 PM to 12:30 PM
work,Survey-Arrive,0.010606694592052497,17,12:30 PM to 01:00 PM
work,Survey-Arrive,0.012552023686687749,18,01:00 PM to 01:30 PM
work,Survey-Arrive,0.011173054039863503,19,01:30 PM to 02:00 PM
work,Survey-Arrive,0.013971098954996698,20,02:00 PM to 02:30 PM
work,Survey-Arrive,0.025258542599611696,21,02:30 PM to 03:00 PM
work,Survey-Arrive,0.03538302271014026,22,03:00 PM to 03:30 PM
work,Survey-Arrive,0.05555402468110511,23,03:30 PM to 04:00 PM
work,Survey-Arrive,0.06758953564834383,24,04:00 PM to 04:30 PM
work,Survey-Arrive,0.0748728961239299,25,04:30 PM to 05:00 PM
work,Survey-Arrive,0.11081505150724788,26,05:00 PM to 05:30 PM
work,Survey-Arrive,0.1083994190410777,27,05:30 PM to 06:00 PM
work,Survey-Arrive,0.10138904466429988,28,06:00 PM to 06:30 PM
work,Survey-Arrive,0.08042504036858338,29,06:30 PM to 07:00 PM
work,Survey-Arrive,0.054973499920696216,30,07:00 PM to 07:30 PM
work,Survey-Arrive,0.03100114899122647,31,07:30 PM to 08:00 PM
work,Survey-Arrive,0.02846471006587959,32,08:00 PM to 08:30 PM
work,Survey-Arrive,0.022664987073029424,33,08:30 PM to 09:00 PM
work,Survey-Arrive,0.02098093703832618,34,09:00 PM to 09:30 PM
work,Survey-Arrive,0.016247006198648148,35,09:30 PM to 10:00 PM
work,Survey-Arrive,0.017682181710009546,36,10:00 PM to 10:30 PM
work,Survey-Arrive,0.016096734833950195,37,10:30 PM to 11:00 PM
work,Survey-Arrive,0.012956289663077172,38,11:00 PM to 11:30 PM
work,Survey-Arrive,0.010410770709582835,39,11:30 PM to 12:00 AM
work,Survey-Arrive,0.02695562184153084,40,12:00 PM to 03:00 AM
university,Survey-Arrive,0.0,1,03:00 AM to 05:00 AM
university,Survey-Arrive,0.0,2,05:00 AM to 05:30 AM
university,Survey-Arrive,0.0,3,05:30 AM to 06:00 AM
university,Survey-Arrive,0.0,4,06:00 AM to 06:30 AM
university,Survey-Arrive,0.0,5,06:30 AM to 07:00 AM
university,Survey-Arrive,0.0,6,07:00 AM to 07:30 AM
university,Survey-Arrive,0.0,7,07:30 AM to 08:00 AM
university,Survey-Arrive,0.0,8,08:00 AM to 08:30 AM
university,Survey-Arrive,0.0,9,08:30 AM to 09:00 AM
university,Survey-Arrive,0.0,10,09:00 AM to 09:30 AM
university,Survey-Arrive,0.00856373140479071,11,09:30 AM to 10:00 AM
university,Survey-Arrive,0.008433036799846647,12,10:00 AM to 10:30 AM
university,Survey-Arrive,0.01779777352342035,13,10:30 AM to 11:00 AM
university,Survey-Arrive,0.029485560457102815,14,11:00 AM to 11:30 AM
university,Survey-Arrive,0.021166364619359238,15,11:30 AM to 12:00 PM
university,Survey-Arrive,0.0260072704598003,16,12:00 PM to 12:30 PM
university,Survey-Arrive,0.04324241594990764,17,12:30 PM to 01:00 PM
university,Survey-Arrive,0.028714925471892437,18,01:00 PM to 01:30 PM
university,Survey-Arrive,0.01115050399891834,19,01:30 PM to 02:00 PM
university,Survey-Arrive,0.04583753693068101,20,02:00 PM to 02:30 PM
university,Survey-Arrive,0.06351702252049983,21,02:30 PM to 03:00 PM
university,Survey-Arrive,0.03513080386095577,22,03:00 PM to 03:30 PM
university,Survey-Arrive,0.09988557832077602,23,03:30 PM to 04:00 PM
university,Survey-Arrive,0.04902127418345385,24,04:00 PM to 04:30 PM
university,Survey-Arrive,0.07722266696018827,25,04:30 PM to 05:00 PM
university,Survey-Arrive,0.048415622328197655,26,05:00 PM to 05:30 PM
university,Survey-Arrive,0.03614216229353975,27,05:30 PM to 06:00 PM
university,Survey-Arrive,0.07371031224400887,28,06:00 PM to 06:30 PM
university,Survey-Arrive,0.03924106672103958,29,06:30 PM to 07:00 PM
university,Survey-Arrive,0.027086660411030583,30,07:00 PM to 07:30 PM
university,Survey-Arrive,0.015666181470569356,31,07:30 PM to 08:00 PM
university,Survey-Arrive,0.01904524829008491,32,08:00 PM to 08:30 PM
university,Survey-Arrive,0.019797775897039557,33,08:30 PM to 09:00 PM
university,Survey-Arrive,0.039678193581495096,34,09:00 PM to 09:30 PM
university,Survey-Arrive,0.035272717818701844,35,09:30 PM to 10:00 PM
university,Survey-Arrive,0.046423526577904814,36,10:00 PM to 10:30 PM
university,Survey-Arrive,0.0171908152045379,37,10:30 PM to 11:00 PM
university,Survey-Arrive,0.011733619778961887,38,11:00 PM to 11:30 PM
university,Survey-Arrive,0.0021860682944732216,39,11:30 PM to 12:00 AM
university,Survey-Arrive,0.0032335636268218124,40,12:00 PM to 03:00 AM
school,Survey-Arrive,0.0,1,03:00 AM to 05:00 AM
school,Survey-Arrive,0.0,2,05:00 AM to 05:30 AM
school,Survey-Arrive,0.0,3,05:30 AM to 06:00 AM
school,Survey-Arrive,0.0,4,06:00 AM to 06:30 AM
school,Survey-Arrive,0.0,5,06:30 AM to 07:00 AM
school,Survey-Arrive,0.0,6,07:00 AM to 07:30 AM
school,Survey-Arrive,0.0,7,07:30 AM to 08:00 AM
school,Survey-Arrive,0.00018198136795562637,8,08:00 AM to 08:30 AM
school,Survey-Arrive,0.0,9,08:30 AM to 09:00 AM
school,Survey-Arrive,0.00026855675063931105,10,09:00 AM to 09:30 AM
school,Survey-Arrive,0.00012452428642317263,11,09:30 AM to 10:00 AM
school,Survey-Arrive,0.0013025139704975312,12,10:00 AM to 10:30 AM
school,Survey-Arrive,0.0014926676392441553,13,10:30 AM to 11:00 AM
school,Survey-Arrive,0.014745304636351736,14,11:00 AM to 11:30 AM
school,Survey-Arrive,0.016524148299908423,15,11:30 AM to 12:00 PM
school,Survey-Arrive,0.021967077613933923,16,12:00 PM to 12:30 PM
school,Survey-Arrive,0.007689066697810391,17,12:30 PM to 01:00 PM
school,Survey-Arrive,0.008841545018108259,18,01:00 PM to 01:30 PM
school,Survey-Arrive,0.011301378708795244,19,01:30 PM to 02:00 PM
school,Survey-Arrive,0.03417569750578156,20,02:00 PM to 02:30 PM
school,Survey-Arrive,0.12815744064806095,21,02:30 PM to 03:00 PM
school,Survey-Arrive,0.22617145946717346,22,03:00 PM to 03:30 PM
school,Survey-Arrive,0.20089370475478435,23,03:30 PM to 04:00 PM
school,Survey-Arrive,0.0918723290479556,24,04:00 PM to 04:30 PM
school,Survey-Arrive,0.046857262318142606,25,04:30 PM to 05:00 PM
school,Survey-Arrive,0.04362137909829887,26,05:00 PM to 05:30 PM
school,Survey-Arrive,0.04960823602175092,27,05:30 PM to 06:00 PM
school,Survey-Arrive,0.03233011325153694,28,06:00 PM to 06:30 PM
school,Survey-Arrive,0.018668114592606283,29,06:30 PM to 07:00 PM
school,Survey-Arrive,0.009826752488591646,30,07:00 PM to 07:30 PM
school,Survey-Arrive,0.006045725739208537,31,07:30 PM to 08:00 PM
school,Survey-Arrive,0.006750533995242815,32,08:00 PM to 08:30 PM
school,Survey-Arrive,0.006228385985785149,33,08:30 PM to 09:00 PM
school,Survey-Arrive,0.00502080982111585,34,09:00 PM to 09:30 PM
school,Survey-Arrive,0.00281766575651641,35,09:30 PM to 10:00 PM
school,Survey-Arrive,0.004002299673307403,36,10:00 PM to 10:30 PM
school,Survey-Arrive,0.0017292103667815853,37,10:30 PM to 11:00 PM
school,Survey-Arrive,0.00024482920908779196,38,11:00 PM to 11:30 PM
school,Survey-Arrive,0.0004005898694723145,39,11:30 PM to 12:00 AM
school,Survey-Arrive,0.00013869539913125383,40,12:00 PM to 03:00 AM
escort,Survey-Arrive,0.0013971819278380364,1,03:00 AM to 05:00 AM
escort,Survey-Arrive,0.00012017654174029892,2,05:00 AM to 05:30 AM
escort,Survey-Arrive,0.0008154902788756453,3,05:30 AM to 06:00 AM
escort,Survey-Arrive,0.0028600072021849193,4,06:00 AM to 06:30 AM
escort,Survey-Arrive,0.008627225635834674,5,06:30 AM to 07:00 AM
escort,Survey-Arrive,0.023681513470949447,6,07:00 AM to 07:30 AM
escort,Survey-Arrive,0.04224297406191348,7,07:30 AM to 08:00 AM
escort,Survey-Arrive,0.08594414485212754,8,08:00 AM to 08:30 AM
escort,Survey-Arrive,0.06400312104509741,9,08:30 AM to 09:00 AM
escort,Survey-Arrive,0.06820312434865577,10,09:00 AM to 09:30 AM
escort,Survey-Arrive,0.020439561437436724,11,09:30 AM to 10:00 AM
escort,Survey-Arrive,0.01042309359102179,12,10:00 AM to 10:30 AM
escort,Survey-Arrive,0.009557561127800209,13,10:30 AM to 11:00 AM
escort,Survey-Arrive,0.02410036676703121,14,11:00 AM to 11:30 AM
escort,Survey-Arrive,0.03692653901328276,15,11:30 AM to 12:00 PM
escort,Survey-Arrive,0.03412339337563524,16,12:00 PM to 12:30 PM
escort,Survey-Arrive,0.024431617956862925,17,12:30 PM to 01:00 PM
escort,Survey-Arrive,0.014947579922255953,18,01:00 PM to 01:30 PM
escort,Survey-Arrive,0.01070832313563012,19,01:30 PM to 02:00 PM
escort,Survey-Arrive,0.019761549867069902,20,02:00 PM to 02:30 PM
escort,Survey-Arrive,0.04972662069863164,21,02:30 PM to 03:00 PM
escort,Survey-Arrive,0.07204059112101606,22,03:00 PM to 03:30 PM
escort,Survey-Arrive,0.043212049094663856,23,03:30 PM to 04:00 PM
escort,Survey-Arrive,0.03030332514876199,24,04:00 PM to 04:30 PM
escort,Survey-Arrive,0.03180976042607243,25,04:30 PM to 05:00 PM
escort,Survey-Arrive,0.034646880158211595,26,05:00 PM to 05:30 PM
escort,Survey-Arrive,0.0354517112683467,27,05:30 PM to 06:00 PM
escort,Survey-Arrive,0.05151946324112717,28,06:00 PM to 06:30 PM
escort,Survey-Arrive,0.02684185897005716,29,06:30 PM to 07:00 PM
escort,Survey-Arrive,0.02367053110240989,30,07:00 PM to 07:30 PM
escort,Survey-Arrive,0.011129789105391022,31,07:30 PM to 08:00 PM
escort,Survey-Arrive,0.016330160843895658,32,08:00 PM to 08:30 PM
escort,Survey-Arrive,0.015732519986227128,33,08:30 PM to 09:00 PM
escort,Survey-Arrive,0.014219994019087925,34,09:00 PM to 09:30 PM
escort,Survey-Arrive,0.009031275239638675,35,09:30 PM to 10:00 PM
escort,Survey-Arrive,0.005751138617304084,36,10:00 PM to 10:30 PM
escort,Survey-Arrive,0.010696398865451099,37,10:30 PM to 11:00 PM
escort,Survey-Arrive,0.007842884334038796,38,11:00 PM to 11:30 PM
escort,Survey-Arrive,0.003766718016343119,39,11:30 PM to 12:00 AM
escort,Survey-Arrive,0.0029617841840799183,40,12:00 PM to 03:00 AM
work-based,Survey-Arrive,0.0,1,03:00 AM to 05:00 AM
work-based,Survey-Arrive,0.0,2,05:00 AM to 05:30 AM
work-based,Survey-Arrive,0.0,3,05:30 AM to 06:00 AM
work-based,Survey-Arrive,0.0,4,06:00 AM to 06:30 AM
work-based,Survey-Arrive,0.0008694182097735703,5,06:30 AM to 07:00 AM
work-based,Survey-Arrive,0.0,6,07:00 AM to 07:30 AM
work-based,Survey-Arrive,0.0,7,07:30 AM to 08:00 AM
work-based,Survey-Arrive,0.006484441031190216,8,08:00 AM to 08:30 AM
work-based,Survey-Arrive,0.01020811673902053,9,08:30 AM to 09:00 AM
work-based,Survey-Arrive,0.00792083478399969,10,09:00 AM to 09:30 AM
work-based,Survey-Arrive,0.00926969497282742,11,09:30 AM to 10:00 AM
work-based,Survey-Arrive,0.01846047566238806,12,10:00 AM to 10:30 AM
work-based,Survey-Arrive,0.014057009518083094,13,10:30 AM to 11:00 AM
work-based,Survey-Arrive,0.019234471207174184,14,11:00 AM to 11:30 AM
work-based,Survey-Arrive,0.04942730327125565,15,11:30 AM to 12:00 PM
work-based,Survey-Arrive,0.08585482701462867,16,12:00 PM to 12:30 PM
work-based,Survey-Arrive,0.18018747397953208,17,12:30 PM to 01:00 PM
work-based,Survey-Arrive,0.18124767137035652,18,01:00 PM to 01:30 PM
work-based,Survey-Arrive,0.13014051682874414,19,01:30 PM to 02:00 PM
work-based,Survey-Arrive,0.08338615188711625,20,02:00 PM to 02:30 PM
work-based,Survey-Arrive,0.039071619920652965,21,02:30 PM to 03:00 PM
work-based,Survey-Arrive,0.04309558972420861,22,03:00 PM to 03:30 PM
work-based,Survey-Arrive,0.026635721138695858,23,03:30 PM to 04:00 PM
work-based,Survey-Arrive,0.020373937637223255,24,04:00 PM to 04:30 PM
work-based,Survey-Arrive,0.012706839970203483,25,04:30 PM to 05:00 PM
work-based,Survey-Arrive,0.010358145266411567,26,05:00 PM to 05:30 PM
work-based,Survey-Arrive,0.011428215794413991,27,05:30 PM to 06:00 PM
work-based,Survey-Arrive,0.011079880211832246,28,06:00 PM to 06:30 PM
work-based,Survey-Arrive,0.0034353615669279673,29,06:30 PM to 07:00 PM
work-based,Survey-Arrive,0.007603675699527194,30,07:00 PM to 07:30 PM
work-based,Survey-Arrive,0.008730109377859046,31,07:30 PM to 08:00 PM
work-based,Survey-Arrive,0.0018847876936329809,32,08:00 PM to 08:30 PM
work-based,Survey-Arrive,0.001747855359789774,33,08:30 PM to 09:00 PM
work-based,Survey-Arrive,0.0034737184548617483,34,09:00 PM to 09:30 PM
work-based,Survey-Arrive,0.0002830581751953371,35,09:30 PM to 10:00 PM
work-based,Survey-Arrive,0.00034786819531913563,36,10:00 PM to 10:30 PM
work-based,Survey-Arrive,0.0,37,10:30 PM to 11:00 PM
work-based,Survey-Arrive,0.0,38,11:00 PM to 11:30 PM
work-based,Survey-Arrive,0.0004928177554277093,39,11:30 PM to 12:00 AM
work-based,Survey-Arrive,0.0005023915817271181,40,12:00 PM to 03:00 AM
maintenance,Survey-Arrive,0.0004987930683717843,1,03:00 AM to 05:00 AM
maintenance,Survey-Arrive,3.468501338529004e-05,2,05:00 AM to 05:30 AM
maintenance,Survey-Arrive,0.0002028154929007619,3,05:30 AM to 06:00 AM
maintenance,Survey-Arrive,0.00036966845394375235,4,06:00 AM to 06:30 AM
maintenance,Survey-Arrive,0.0010420436974931519,5,06:30 AM to 07:00 AM
maintenance,Survey-Arrive,0.0030364964528466864,6,07:00 AM to 07:30 AM
maintenance,Survey-Arrive,0.0040966168674962,7,07:30 AM to 08:00 AM
maintenance,Survey-Arrive,0.0063541805297162805,8,08:00 AM to 08:30 AM
maintenance,Survey-Arrive,0.011613573288993748,9,08:30 AM to 09:00 AM
maintenance,Survey-Arrive,0.014135191120345569,10,09:00 AM to 09:30 AM
maintenance,Survey-Arrive,0.01745511210687761,11,09:30 AM to 10:00 AM
maintenance,Survey-Arrive,0.02768645435428152,12,10:00 AM to 10:30 AM
maintenance,Survey-Arrive,0.03514133567251459,13,10:30 AM to 11:00 AM
maintenance,Survey-Arrive,0.04180425790203544,14,11:00 AM to 11:30 AM
maintenance,Survey-Arrive,0.04502064951313563,15,11:30 AM to 12:00 PM
maintenance,Survey-Arrive,0.04577372163496074,16,12:00 PM to 12:30 PM
maintenance,Survey-Arrive,0.0431095647811936,17,12:30 PM to 01:00 PM
maintenance,Survey-Arrive,0.04077556287590639,18,01:00 PM to 01:30 PM
maintenance,Survey-Arrive,0.03970190613703555,19,01:30 PM to 02:00 PM
maintenance,Survey-Arrive,0.04385138547564307,20,02:00 PM to 02:30 PM
maintenance,Survey-Arrive,0.047653442551747145,21,02:30 PM to 03:00 PM
maintenance,Survey-Arrive,0.05273367422396614,22,03:00 PM to 03:30 PM
maintenance,Survey-Arrive,0.04649588290286362,23,03:30 PM to 04:00 PM
maintenance,Survey-Arrive,0.04764991972004877,24,04:00 PM to 04:30 PM
maintenance,Survey-Arrive,0.048786127176903685,25,04:30 PM to 05:00 PM
maintenance,Survey-Arrive,0.04387317846602946,26,05:00 PM to 05:30 PM
maintenance,Survey-Arrive,0.03315555050222386,27,05:30 PM to 06:00 PM
maintenance,Survey-Arrive,0.03680229911448262,28,06:00 PM to 06:30 PM
maintenance,Survey-Arrive,0.03390042286442515,29,06:30 PM to 07:00 PM
maintenance,Survey-Arrive,0.03601781239882135,30,07:00 PM to 07:30 PM
maintenance,Survey-Arrive,0.030534729420323935,31,07:30 PM to 08:00 PM
maintenance,Survey-Arrive,0.023268918096851082,32,08:00 PM to 08:30 PM
maintenance,Survey-Arrive,0.03327139031821512,33,08:30 PM to 09:00 PM
maintenance,Survey-Arrive,0.02439333417002113,34,09:00 PM to 09:30 PM
maintenance,Survey-Arrive,0.013656496508199887,35,09:30 PM to 10:00 PM
maintenance,Survey-Arrive,0.010470612044581308,36,10:00 PM to 10:30 PM
maintenance,Survey-Arrive,0.0059973443090847395,37,10:30 PM to 11:00 PM
maintenance,Survey-Arrive,0.003567170813783323,38,11:00 PM to 11:30 PM
maintenance,Survey-Arrive,0.0020191468915817194,39,11:30 PM to 12:00 AM
maintenance,Survey-Arrive,0.004048533066768753,40,12:00 PM to 03:00 AM
discretionary,Survey-Arrive,0.0,1,03:00 AM to 05:00 AM
discretionary,Survey-Arrive,0.00021870312094126373,2,05:00 AM to 05:30 AM
discretionary,Survey-Arrive,0.001258033429523984,3,05:30 AM to 06:00 AM
discretionary,Survey-Arrive,0.004139537232190073,4,06:00 AM to 06:30 AM
discretionary,Survey-Arrive,0.0032126350182854844,5,06:30 AM to 07:00 AM
discretionary,Survey-Arrive,0.005298833382531734,6,07:00 AM to 07:30 AM
discretionary,Survey-Arrive,0.008134805665095588,7,07:30 AM to 08:00 AM
discretionary,Survey-Arrive,0.009098091954513412,8,08:00 AM to 08:30 AM
discretionary,Survey-Arrive,0.008166414638952802,9,08:30 AM to 09:00 AM
discretionary,Survey-Arrive,0.011709561031874616,10,09:00 AM to 09:30 AM
discretionary,Survey-Arrive,0.013747330742838992,11,09:30 AM to 10:00 AM
discretionary,Survey-Arrive,0.012285479429428151,12,10:00 AM to 10:30 AM
discretionary,Survey-Arrive,0.014197775023919227,13,10:30 AM to 11:00 AM
discretionary,Survey-Arrive,0.018026058109011926,14,11:00 AM to 11:30 AM
discretionary,Survey-Arrive,0.018179074043285833,15,11:30 AM to 12:00 PM
discretionary,Survey-Arrive,0.02642663758289494,16,12:00 PM to 12:30 PM
discretionary,Survey-Arrive,0.016470116529560548,17,12:30 PM to 01:00 PM
discretionary,Survey-Arrive,0.024663085116545566,18,01:00 PM to 01:30 PM
discretionary,Survey-Arrive,0.018790286280742478,19,01:30 PM to 02:00 PM
discretionary,Survey-Arrive,0.023770949958212988,20,02:00 PM to 02:30 PM
discretionary,Survey-Arrive,0.033189217800282826,21,02:30 PM to 03:00 PM
discretionary,Survey-Arrive,0.03215346568638734,22,03:00 PM to 03:30 PM
discretionary,Survey-Arrive,0.029063821252624363,23,03:30 PM to 04:00 PM
discretionary,Survey-Arrive,0.029740283934185423,24,04:00 PM to 04:30 PM
discretionary,Survey-Arrive,0.035503765876335434,25,04:30 PM to 05:00 PM
discretionary,Survey-Arrive,0.03901048456778082,26,05:00 PM to 05:30 PM
discretionary,Survey-Arrive,0.03519099715082724,27,05:30 PM to 06:00 PM
discretionary,Survey-Arrive,0.039488562175416235,28,06:00 PM to 06:30 PM
discretionary,Survey-Arrive,0.040833857019927706,29,06:30 PM to 07:00 PM
discretionary,Survey-Arrive,0.0478250140735319,30,07:00 PM to 07:30 PM
discretionary,Survey-Arrive,0.04033502189344066,31,07:30 PM to 08:00 PM
discretionary,Survey-Arrive,0.05506132021278717,32,08:00 PM to 08:30 PM
discretionary,Survey-Arrive,0.05214811959766007,33,08:30 PM to 09:00 PM
discretionary,Survey-Arrive,0.06585810146669874,34,09:00 PM to 09:30 PM
discretionary,Survey-Arrive,0.04255457704813852,35,09:30 PM to 10:00 PM
discretionary,Survey-Arrive,0.044366946751384015,36,10:00 PM to 10:30 PM
discretionary,Survey-Arrive,0.027137577937290904,37,10:30 PM to 11:00 PM
discretionary,Survey-Arrive,0.01866926323310632,38,11:00 PM to 11:30 PM
discretionary,Survey-Arrive,0.015958738687191172,39,11:30 PM to 12:00 AM
discretionary,Survey-Arrive,0.038117455344653495,40,12:00 PM to 03:00 AM
all,Survey-Arrive,0.00030021942512015295,1,03:00 AM to 05:00 AM
all,Survey-Arrive,6.069465970956778e-05,2,05:00 AM to 05:30 AM
all,Survey-Arrive,0.0003756574827699859,3,05:30 AM to 06:00 AM
all,Survey-Arrive,0.001188691420403209,4,06:00 AM to 06:30 AM
all,Survey-Arrive,0.0018664822743675218,5,06:30 AM to 07:00 AM
all,Survey-Arrive,0.00440106991469581,6,07:00 AM to 07:30 AM
all,Survey-Arrive,0.007168880685673218,7,07:30 AM to 08:00 AM
all,Survey-Arrive,0.013123526232556132,8,08:00 AM to 08:30 AM
all,Survey-Arrive,0.012020087905825426,9,08:30 AM to 09:00 AM
all,Survey-Arrive,0.01366812787756029,10,09:00 AM to 09:30 AM
all,Survey-Arrive,0.009579170693638719,11,09:30 AM to 10:00 AM
all,Survey-Arrive,0.011064380540885644,12,10:00 AM to 10:30 AM
all,Survey-Arrive,0.013070443655780263,13,10:30 AM to 11:00 AM
all,Survey-Arrive,0.019770127209162075,14,11:00 AM to 11:30 AM
all,Survey-Arrive,0.023713622393068286,15,11:30 AM to 12:00 PM
all,Survey-Arrive,0.028710899985940834,16,12:00 PM to 12:30 PM
all,Survey-Arrive,0.02695573432793631,17,12:30 PM to 01:00 PM
all,Survey-Arrive,0.027451141679227235,18,01:00 PM to 01:30 PM
all,Survey-Arrive,0.023371633376905343,19,01:30 PM to 02:00 PM
all,Survey-Arrive,0.028762693670723708,20,02:00 PM to 02:30 PM
all,Survey-Arrive,0.049257619028985795,21,02:30 PM to 03:00 PM
all,Survey-Arrive,0.06874656040227323,22,03:00 PM to 03:30 PM
all,Survey-Arrive,0.06645221313250207,23,03:30 PM to 04:00 PM
all,Survey-Arrive,0.053378384984537904,24,04:00 PM to 04:30 PM
all,Survey-Arrive,0.05103370188363425,25,04:30 PM to 05:00 PM
all,Survey-Arrive,0.060834123201390956,26,05:00 PM to 05:30 PM
all,Survey-Arrive,0.0578558894314949,27,05:30 PM to 06:00 PM
all,Survey-Arrive,0.05728004537449182,28,06:00 PM to 06:30 PM
all,Survey-Arrive,0.04520027537941599,29,06:30 PM to 07:00 PM
all,Survey-Arrive,0.037714516851977034,30,07:00 PM to 07:30 PM
all,Survey-Arrive,0.025912888121131152,31,07:30 PM to 08:00 PM
all,Survey-Arrive,0.026688267634234476,32,08:00 PM to 08:30 PM
all,Survey-Arrive,0.02646317113330735,33,08:30 PM to 09:00 PM
all,Survey-Arrive,0.02649551433901403,34,09:00 PM to 09:30 PM
all,Survey-Arrive,0.017446215011856177,35,09:30 PM to 10:00 PM
all,Survey-Arrive,0.017450505519117775,36,10:00 PM to 10:30 PM
all,Survey-Arrive,0.012732402925478342,37,10:30 PM to 11:00 PM
all,Survey-Arrive,0.009130293266853202,38,11:00 PM to 11:30 PM
all,Survey-Arrive,0.006990425033188711,39,11:30 PM to 12:00 AM
all,Survey-Arrive,0.01631370193316525,40,12:00 PM to 03:00 AM
work,Survey-Depart,0.032568034381780936,1,03:00 AM to 05:00 AM
work,Survey-Depart,0.03344660137966065,2,05:00 AM to 05:30 AM
work,Survey-Depart,0.05245555304901447,3,05:30 AM to 06:00 AM
work,Survey-Depart,0.0848656255436516,4,06:00 AM to 06:30 AM
work,Survey-Depart,0.11106467151128645,5,06:30 AM to 07:00 AM
work,Survey-Depart,0.14594707949027755,6,07:00 AM to 07:30 AM
work,Survey-Depart,0.13990236083777932,7,07:30 AM to 08:00 AM
work,Survey-Depart,0.10977592254871411,8,08:00 AM to 08:30 AM
work,Survey-Depart,0.06312254626955424,9,08:30 AM to 09:00 AM
work,Survey-Depart,0.0354880964843288,10,09:00 AM to 09:30 AM
work,Survey-Depart,0.02434803372986403,11,09:30 AM to 10:00 AM
work,Survey-Depart,0.016868293570116148,12,10:00 AM to 10:30 AM
work,Survey-Depart,0.010468006682563645,13,10:30 AM to 11:00 AM
work,Survey-Depart,0.010946318293470666,14,11:00 AM to 11:30 AM
work,Survey-Depart,0.009439138323830268,15,11:30 AM to 12:00 PM
work,Survey-Depart,0.010605698442225015,16,12:00 PM to 12:30 PM
work,Survey-Depart,0.012616151902363757,17,12:30 PM to 01:00 PM
work,Survey-Depart,0.011826586734585396,18,01:00 PM to 01:30 PM
work,Survey-Depart,0.014227140740825683,19,01:30 PM to 02:00 PM
work,Survey-Depart,0.010726096995036686,20,02:00 PM to 02:30 PM
work,Survey-Depart,0.008221615381602413,21,02:30 PM to 03:00 PM
work,Survey-Depart,0.008485015772867668,22,03:00 PM to 03:30 PM
work,Survey-Depart,0.010273580582205313,23,03:30 PM to 04:00 PM
work,Survey-Depart,0.005874917281479843,24,04:00 PM to 04:30 PM
work,Survey-Depart,0.006222940296288937,25,04:30 PM to 05:00 PM
work,Survey-Depart,0.004810087960881007,26,05:00 PM to 05:30 PM
work,Survey-Depart,0.00495112738437108,27,05:30 PM to 06:00 PM
work,Survey-Depart,0.003260779042143868,28,06:00 PM to 06:30 PM
work,Survey-Depart,0.00216230685144331,29,06:30 PM to 07:00 PM
work,Survey-Depart,0.0023609565225705866,30,07:00 PM to 07:30 PM
work,Survey-Depart,0.0014764659901052666,31,07:30 PM to 08:00 PM
work,Survey-Depart,0.0006666283155111485,32,08:00 PM to 08:30 PM
work,Survey-Depart,0.0003030582658315874,33,08:30 PM to 09:00 PM
work,Survey-Depart,8.782133893081191e-05,34,09:00 PM to 09:30 PM
work,Survey-Depart,0.0,35,09:30 PM to 10:00 PM
work,Survey-Depart,8.752242348651442e-05,36,10:00 PM to 10:30 PM
work,Survey-Depart,4.721967935126324e-05,37,10:30 PM to 11:00 PM
work,Survey-Depart,0.0,38,11:00 PM to 11:30 PM
work,Survey-Depart,0.0,39,11:30 PM to 12:00 AM
work,Survey-Depart,0.0,40,12:00 PM to 03:00 AM
university,Survey-Depart,0.0,1,03:00 AM to 05:00 AM
university,Survey-Depart,0.0006296147815493322,2,05:00 AM to 05:30 AM
university,Survey-Depart,0.006363657766613978,3,05:30 AM to 06:00 AM
university,Survey-Depart,0.02953900853847238,4,06:00 AM to 06:30 AM
university,Survey-Depart,0.030164292648420937,5,06:30 AM to 07:00 AM
university,Survey-Depart,0.15272196673188876,6,07:00 AM to 07:30 AM
university,Survey-Depart,0.12882378649960707,7,07:30 AM to 08:00 AM
university,Survey-Depart,0.09665054031145177,8,08:00 AM to 08:30 AM
university,Survey-Depart,0.09370210298426672,9,08:30 AM to 09:00 AM
university,Survey-Depart,0.07066740144728316,10,09:00 AM to 09:30 AM
university,Survey-Depart,0.05356060886334771,11,09:30 AM to 10:00 AM
university,Survey-Depart,0.06361954408495624,12,10:00 AM to 10:30 AM
university,Survey-Depart,0.022700895822315995,13,10:30 AM to 11:00 AM
university,Survey-Depart,0.021351739410203376,14,11:00 AM to 11:30 AM
university,Survey-Depart,0.014399756738508289,15,11:30 AM to 12:00 PM
university,Survey-Depart,0.027522235416595733,16,12:00 PM to 12:30 PM
university,Survey-Depart,0.02916278466341211,17,12:30 PM to 01:00 PM
university,Survey-Depart,0.013939054021763656,18,01:00 PM to 01:30 PM
university,Survey-Depart,0.0017157292135788736,19,01:30 PM to 02:00 PM
university,Survey-Depart,0.002944502902616397,20,02:00 PM to 02:30 PM
university,Survey-Depart,0.007315554277150969,21,02:30 PM to 03:00 PM
university,Survey-Depart,0.0062401512430594955,22,03:00 PM to 03:30 PM
university,Survey-Depart,0.0016765980178566025,23,03:30 PM to 04:00 PM
university,Survey-Depart,0.007612220521536804,24,04:00 PM to 04:30 PM
university,Survey-Depart,0.02624874868135736,25,04:30 PM to 05:00 PM
university,Survey-Depart,0.03379702953924594,26,05:00 PM to 05:30 PM
university,Survey-Depart,0.03304525033231857,27,05:30 PM to 06:00 PM
university,Survey-Depart,0.008711022697316754,28,06:00 PM to 06:30 PM
university,Survey-Depart,0.014841533677353967,29,06:30 PM to 07:00 PM
university,Survey-Depart,0.0,30,07:00 PM to 07:30 PM
university,Survey-Depart,0.0,31,07:30 PM to 08:00 PM
university,Survey-Depart,0.00033266816595099345,32,08:00 PM to 08:30 PM
university,Survey-Depart,0.0,33,08:30 PM to 09:00 PM
university,Survey-Depart,0.0,34,09:00 PM to 09:30 PM
university,Survey-Depart,0.0,35,09:30 PM to 10:00 PM
university,Survey-Depart,0.0,36,10:00 PM to 10:30 PM
university,Survey-Depart,0.0,37,10:30 PM to 11:00 PM
university,Survey-Depart,0.0,38,11:00 PM to 11:30 PM
university,Survey-Depart,0.0,39,11:30 PM to 12:00 AM
university,Survey-Depart,0.0,40,12:00 PM to 03:00 AM
school,Survey-Depart,0.00041717746078501,1,03:00 AM to 05:00 AM
school,Survey-Depart,0.002839648778735872,2,05:00 AM to 05:30 AM
school,Survey-Depart,0.0016411873145506554,3,05:30 AM to 06:00 AM
school,Survey-Depart,0.016099474815781417,4,06:00 AM to 06:30 AM
school,Survey-Depart,0.09453181401674224,5,06:30 AM to 07:00 AM
school,Survey-Depart,0.20806041282026286,6,07:00 AM to 07:30 AM
school,Survey-Depart,0.2534128507615586,7,07:30 AM to 08:00 AM
school,Survey-Depart,0.21013163503215734,8,08:00 AM to 08:30 AM
school,Survey-Depart,0.15554694603860633,9,08:30 AM to 09:00 AM
school,Survey-Depart,0.019137892283012672,10,09:00 AM to 09:30 AM
school,Survey-Depart,0.003870545836495673,11,09:30 AM to 10:00 AM
school,Survey-Depart,0.0018374094965660382,12,10:00 AM to 10:30 AM
school,Survey-Depart,0.003010585573610281,13,10:30 AM to 11:00 AM
school,Survey-Depart,0.0073482543840336185,14,11:00 AM to 11:30 AM
school,Survey-Depart,0.0053489437934017975,15,11:30 AM to 12:00 PM
school,Survey-Depart,0.008951146059848465,16,12:00 PM to 12:30 PM
school,Survey-Depart,0.004846269949299457,17,12:30 PM to 01:00 PM
school,Survey-Depart,0.0005244207639044773,18,01:00 PM to 01:30 PM
school,Survey-Depart,0.00039698949789074463,19,01:30 PM to 02:00 PM
school,Survey-Depart,0.0001844574857755674,20,02:00 PM to 02:30 PM
school,Survey-Depart,0.00036145370877707113,21,02:30 PM to 03:00 PM
school,Survey-Depart,0.0,22,03:00 PM to 03:30 PM
school,Survey-Depart,6.782448483938084e-05,23,03:30 PM to 04:00 PM
school,Survey-Depart,0.0,24,04:00 PM to 04:30 PM
school,Survey-Depart,0.00013174632515002889,25,04:30 PM to 05:00 PM
school,Survey-Depart,0.00012836607552198172,26,05:00 PM to 05:30 PM
school,Survey-Depart,0.0,27,05:30 PM to 06:00 PM
school,Survey-Depart,0.0010939083610392994,28,06:00 PM to 06:30 PM
school,Survey-Depart,7.863888165324047e-05,29,06:30 PM to 07:00 PM
school,Survey-Depart,0.0,30,07:00 PM to 07:30 PM
school,Survey-Depart,0.0,31,07:30 PM to 08:00 PM
school,Survey-Depart,0.0,32,08:00 PM to 08:30 PM
school,Survey-Depart,0.0,33,08:30 PM to 09:00 PM
school,Survey-Depart,0.0,34,09:00 PM to 09:30 PM
school,Survey-Depart,0.0,35,09:30 PM to 10:00 PM
school,Survey-Depart,0.0,36,10:00 PM to 10:30 PM
school,Survey-Depart,0.0,37,10:30 PM to 11:00 PM
school,Survey-Depart,0.0,38,11:00 PM to 11:30 PM
school,Survey-Depart,0.0,39,11:30 PM to 12:00 AM
school,Survey-Depart,0.0,40,12:00 PM to 03:00 AM
escort,Survey-Depart,0.0038741049365592197,1,03:00 AM to 05:00 AM
escort,Survey-Depart,0.000644408784711366,2,05:00 AM to 05:30 AM
escort,Survey-Depart,0.002038599375294079,3,05:30 AM to 06:00 AM
escort,Survey-Depart,0.008349990754464666,4,06:00 AM to 06:30 AM
escort,Survey-Depart,0.018318007897103195,5,06:30 AM to 07:00 AM
escort,Survey-Depart,0.044288648657731404,6,07:00 AM to 07:30 AM
escort,Survey-Depart,0.08200017911954591,7,07:30 AM to 08:00 AM
escort,Survey-Depart,0.07841087337476536,8,08:00 AM to 08:30 AM
escort,Survey-Depart,0.0958665234852584,9,08:30 AM to 09:00 AM
escort,Survey-Depart,0.021808837113642395,10,09:00 AM to 09:30 AM
escort,Survey-Depart,0.012535806354579834,11,09:30 AM to 10:00 AM
escort,Survey-Depart,0.011515218645723028,12,10:00 AM to 10:30 AM
escort,Survey-Depart,0.017840161249375222,13,10:30 AM to 11:00 AM
escort,Survey-Depart,0.0381629530939648,14,11:00 AM to 11:30 AM
escort,Survey-Depart,0.040250564470809165,15,11:30 AM to 12:00 PM
escort,Survey-Depart,0.012777857951224233,16,12:00 PM to 12:30 PM
escort,Survey-Depart,0.016778481921415674,17,12:30 PM to 01:00 PM
escort,Survey-Depart,0.01083449755864613,18,01:00 PM to 01:30 PM
escort,Survey-Depart,0.021192346473864913,19,01:30 PM to 02:00 PM
escort,Survey-Depart,0.04939936812826355,20,02:00 PM to 02:30 PM
escort,Survey-Depart,0.06286326909515082,21,02:30 PM to 03:00 PM
escort,Survey-Depart,0.04854206586163287,22,03:00 PM to 03:30 PM
escort,Survey-Depart,0.033515542001602505,23,03:30 PM to 04:00 PM
escort,Survey-Depart,0.02826038201786177,24,04:00 PM to 04:30 PM
escort,Survey-Depart,0.02836514843482323,25,04:30 PM to 05:00 PM
escort,Survey-Depart,0.042992607281477135,26,05:00 PM to 05:30 PM
escort,Survey-Depart,0.04537068101921834,27,05:30 PM to 06:00 PM
escort,Survey-Depart,0.021323342760173062,28,06:00 PM to 06:30 PM
escort,Survey-Depart,0.021492235308717068,29,06:30 PM to 07:00 PM
escort,Survey-Depart,0.013047178907982614,30,07:00 PM to 07:30 PM
escort,Survey-Depart,0.012066064644887709,31,07:30 PM to 08:00 PM
escort,Survey-Depart,0.012708676038923923,32,08:00 PM to 08:30 PM
escort,Survey-Depart,0.011016405771883644,33,08:30 PM to 09:00 PM
escort,Survey-Depart,0.005740955696375795,34,09:00 PM to 09:30 PM
escort,Survey-Depart,0.006647809253189796,35,09:30 PM to 10:00 PM
escort,Survey-Depart,0.009395554810598278,36,10:00 PM to 10:30 PM
escort,Survey-Depart,0.005197151992215818,37,10:30 PM to 11:00 PM
escort,Survey-Depart,0.00153037397985151,38,11:00 PM to 11:30 PM
escort,Survey-Depart,0.0017699880316009225,39,11:30 PM to 12:00 AM
escort,Survey-Depart,0.0012671377448908248,40,12:00 PM to 03:00 AM
work-based,Survey-Depart,0.0,1,03:00 AM to 05:00 AM
work-based,Survey-Depart,0.0,2,05:00 AM to 05:30 AM
work-based,Survey-Depart,0.0,3,05:30 AM to 06:00 AM
work-based,Survey-Depart,0.0046314780416327524,4,06:00 AM to 06:30 AM
work-based,Survey-Depart,0.00414505641810385,5,06:30 AM to 07:00 AM
work-based,Survey-Depart,0.005268446659300019,6,07:00 AM to 07:30 AM
work-based,Survey-Depart,0.015205548457301581,7,07:30 AM to 08:00 AM
work-based,Survey-Depart,0.019835589925757142,8,08:00 AM to 08:30 AM
work-based,Survey-Depart,0.02029370711280995,9,08:30 AM to 09:00 AM
work-based,Survey-Depart,0.024649087489913696,10,09:00 AM to 09:30 AM
work-based,Survey-Depart,0.02476508641239031,11,09:30 AM to 10:00 AM
work-based,Survey-Depart,0.033688926014680126,12,10:00 AM to 10:30 AM
work-based,Survey-Depart,0.03040882167901322,13,10:30 AM to 11:00 AM
work-based,Survey-Depart,0.07942155285196068,14,11:00 AM to 11:30 AM
work-based,Survey-Depart,0.16950074362679907,15,11:30 AM to 12:00 PM
work-based,Survey-Depart,0.20641836826987645,16,12:00 PM to 12:30 PM
work-based,Survey-Depart,0.10100805436584023,17,12:30 PM to 01:00 PM
work-based,Survey-Depart,0.10594081250306614,18,01:00 PM to 01:30 PM
work-based,Survey-Depart,0.0471322297015205,19,01:30 PM to 02:00 PM
work-based,Survey-Depart,0.02616501085510687,20,02:00 PM to 02:30 PM
work-based,Survey-Depart,0.018669017859260367,21,02:30 PM to 03:00 PM
work-based,Survey-Depart,0.012383047017354301,22,03:00 PM to 03:30 PM
work-based,Survey-Depart,0.014105911971376072,23,03:30 PM to 04:00 PM
work-based,Survey-Depart,0.012403207015026813,24,04:00 PM to 04:30 PM
work-based,Survey-Depart,0.0020882355509323058,25,04:30 PM to 05:00 PM
work-based,Survey-Depart,0.009092297721548855,26,05:00 PM to 05:30 PM
work-based,Survey-Depart,0.002764747080590573,27,05:30 PM to 06:00 PM
work-based,Survey-Depart,0.003069750626755707,28,06:00 PM to 06:30 PM
work-based,Survey-Depart,0.001641324829085915,29,06:30 PM to 07:00 PM
work-based,Survey-Depart,0.00043202303584761385,30,07:00 PM to 07:30 PM
work-based,Survey-Depart,0.0006710191249298255,31,07:30 PM to 08:00 PM
work-based,Survey-Depart,0.0,32,08:00 PM to 08:30 PM
work-based,Survey-Depart,0.00022478774563024846,33,08:30 PM to 09:00 PM
work-based,Survey-Depart,0.0034737184548617483,34,09:00 PM to 09:30 PM
work-based,Survey-Depart,0.00031586333017784925,35,09:30 PM to 10:00 PM
work-based,Survey-Depart,6.484877078517692e-05,36,10:00 PM to 10:30 PM
work-based,Survey-Depart,0.0,37,10:30 PM to 11:00 PM
work-based,Survey-Depart,0.0,38,11:00 PM to 11:30 PM
work-based,Survey-Depart,0.0,39,11:30 PM to 12:00 AM
work-based,Survey-Depart,0.00012167948076409185,40,12:00 PM to 03:00 AM
maintenance,Survey-Depart,0.0028120291149968347,1,03:00 AM to 05:00 AM
maintenance,Survey-Depart,0.0022006117736902584,2,05:00 AM to 05:30 AM
maintenance,Survey-Depart,0.003503178947918112,3,05:30 AM to 06:00 AM
maintenance,Survey-Depart,0.004157327457854916,4,06:00 AM to 06:30 AM
maintenance,Survey-Depart,0.009417649450440135,5,06:30 AM to 07:00 AM
maintenance,Survey-Depart,0.015247805507525707,6,07:00 AM to 07:30 AM
maintenance,Survey-Depart,0.023535803029932228,7,07:30 AM to 08:00 AM
maintenance,Survey-Depart,0.04154753442868426,8,08:00 AM to 08:30 AM
maintenance,Survey-Depart,0.04401223616572434,9,08:30 AM to 09:00 AM
maintenance,Survey-Depart,0.05741673164476197,10,09:00 AM to 09:30 AM
maintenance,Survey-Depart,0.049948759731162314,11,09:30 AM to 10:00 AM
maintenance,Survey-Depart,0.06506217874074476,12,10:00 AM to 10:30 AM
maintenance,Survey-Depart,0.04947388302106953,13,10:30 AM to 11:00 AM
maintenance,Survey-Depart,0.053438487532219796,14,11:00 AM to 11:30 AM
maintenance,Survey-Depart,0.03443990008808406,15,11:30 AM to 12:00 PM
maintenance,Survey-Depart,0.040767768569821734,16,12:00 PM to 12:30 PM
maintenance,Survey-Depart,0.037945373955535426,17,12:30 PM to 01:00 PM
maintenance,Survey-Depart,0.041067695013682695,18,01:00 PM to 01:30 PM
maintenance,Survey-Depart,0.03282847434846781,19,01:30 PM to 02:00 PM
maintenance,Survey-Depart,0.0399169668910762,20,02:00 PM to 02:30 PM
maintenance,Survey-Depart,0.030706587317679203,21,02:30 PM to 03:00 PM
maintenance,Survey-Depart,0.03695700631340274,22,03:00 PM to 03:30 PM
maintenance,Survey-Depart,0.02903696826489601,23,03:30 PM to 04:00 PM
maintenance,Survey-Depart,0.033448453316092336,24,04:00 PM to 04:30 PM
maintenance,Survey-Depart,0.029929561958316087,25,04:30 PM to 05:00 PM
maintenance,Survey-Depart,0.026302855745177232,26,05:00 PM to 05:30 PM
maintenance,Survey-Depart,0.030073931638467104,27,05:30 PM to 06:00 PM
maintenance,Survey-Depart,0.03209640316663085,28,06:00 PM to 06:30 PM
maintenance,Survey-Depart,0.028280121744768443,29,06:30 PM to 07:00 PM
maintenance,Survey-Depart,0.028036104442019535,30,07:00 PM to 07:30 PM
maintenance,Survey-Depart,0.015603996829351522,31,07:30 PM to 08:00 PM
maintenance,Survey-Depart,0.012389254837975995,32,08:00 PM to 08:30 PM
maintenance,Survey-Depart,0.007848264486558825,33,08:30 PM to 09:00 PM
maintenance,Survey-Depart,0.003002948437760434,34,09:00 PM to 09:30 PM
maintenance,Survey-Depart,0.0035114440016495133,35,09:30 PM to 10:00 PM
maintenance,Survey-Depart,0.0011291676394351807,36,10:00 PM to 10:30 PM
maintenance,Survey-Depart,0.0012537677427271196,37,10:30 PM to 11:00 PM
maintenance,Survey-Depart,0.0009566710516684842,38,11:00 PM to 11:30 PM
maintenance,Survey-Depart,0.0006053525084789794,39,11:30 PM to 12:00 AM
maintenance,Survey-Depart,9.074314355147359e-05,40,12:00 PM to 03:00 AM
discretionary,Survey-Depart,0.0039778124158774625,1,03:00 AM to 05:00 AM
discretionary,Survey-Depart,0.004869759709072409,2,05:00 AM to 05:30 AM
discretionary,Survey-Depart,0.008229246770442468,3,05:30 AM to 06:00 AM
discretionary,Survey-Depart,0.013273358849458653,4,06:00 AM to 06:30 AM
discretionary,Survey-Depart,0.015507656172503909,5,06:30 AM to 07:00 AM
discretionary,Survey-Depart,0.029295668285443024,6,07:00 AM to 07:30 AM
discretionary,Survey-Depart,0.028441582867642954,7,07:30 AM to 08:00 AM
discretionary,Survey-Depart,0.035317678542803384,8,08:00 AM to 08:30 AM
discretionary,Survey-Depart,0.04293243907720419,9,08:30 AM to 09:00 AM
discretionary,Survey-Depart,0.03788879034320217,10,09:00 AM to 09:30 AM
discretionary,Survey-Depart,0.029694922408613236,11,09:30 AM to 10:00 AM
discretionary,Survey-Depart,0.028647304728497663,12,10:00 AM to 10:30 AM
discretionary,Survey-Depart,0.02093256653390961,13,10:30 AM to 11:00 AM
discretionary,Survey-Depart,0.027884909658060553,14,11:00 AM to 11:30 AM
discretionary,Survey-Depart,0.03135503239411672,15,11:30 AM to 12:00 PM
discretionary,Survey-Depart,0.03012271924999148,16,12:00 PM to 12:30 PM
discretionary,Survey-Depart,0.023445877036594225,17,12:30 PM to 01:00 PM
discretionary,Survey-Depart,0.02175482806757846,18,01:00 PM to 01:30 PM
discretionary,Survey-Depart,0.017732250919446038,19,01:30 PM to 02:00 PM
discretionary,Survey-Depart,0.022580224409654532,20,02:00 PM to 02:30 PM
discretionary,Survey-Depart,0.01720122672351762,21,02:30 PM to 03:00 PM
discretionary,Survey-Depart,0.023569087285778497,22,03:00 PM to 03:30 PM
discretionary,Survey-Depart,0.028658192449652738,23,03:30 PM to 04:00 PM
discretionary,Survey-Depart,0.03524878362258283,24,04:00 PM to 04:30 PM
discretionary,Survey-Depart,0.03537836095712326,25,04:30 PM to 05:00 PM
discretionary,Survey-Depart,0.05266668572733274,26,05:00 PM to 05:30 PM
discretionary,Survey-Depart,0.06076673035965812,27,05:30 PM to 06:00 PM
discretionary,Survey-Depart,0.06349545907232094,28,06:00 PM to 06:30 PM
discretionary,Survey-Depart,0.07837773613939941,29,06:30 PM to 07:00 PM
discretionary,Survey-Depart,0.047492096746194215,30,07:00 PM to 07:30 PM
discretionary,Survey-Depart,0.03026701705268943,31,07:30 PM to 08:00 PM
discretionary,Survey-Depart,0.018598140681395238,32,08:00 PM to 08:30 PM
discretionary,Survey-Depart,0.010271716092356453,33,08:30 PM to 09:00 PM
discretionary,Survey-Depart,0.010230840741378823,34,09:00 PM to 09:30 PM
discretionary,Survey-Depart,0.003396883036534982,35,09:30 PM to 10:00 PM
discretionary,Survey-Depart,0.0044361345314200135,36,10:00 PM to 10:30 PM
discretionary,Survey-Depart,0.0011520930540154552,37,10:30 PM to 11:00 PM
discretionary,Survey-Depart,0.0015528319691682502,38,11:00 PM to 11:30 PM
discretionary,Survey-Depart,0.0008219256346481351,39,11:30 PM to 12:00 AM
discretionary,Survey-Depart,0.002533429682719684,40,12:00 PM to 03:00 AM
all,Survey-Depart,0.011634711315536693,1,03:00 AM to 05:00 AM
all,Survey-Depart,0.011898131439686448,2,05:00 AM to 05:30 AM
all,Survey-Depart,0.018586030370855693,3,05:30 AM to 06:00 AM
all,Survey-Depart,0.032549208857355814,4,06:00 AM to 06:30 AM
all,Survey-Depart,0.05368300881673954,5,06:30 AM to 07:00 AM
all,Survey-Depart,0.08785178060842842,6,07:00 AM to 07:30 AM
all,Survey-Depart,0.0981267902918185,7,07:30 AM to 08:00 AM
all,Survey-Depart,0.08774206787925912,8,08:00 AM to 08:30 AM
all,Survey-Depart,0.0701928734951295,9,08:30 AM to 09:00 AM
all,Survey-Depart,0.03699910286409858,10,09:00 AM to 09:30 AM
all,Survey-Depart,0.027206888416747625,11,09:30 AM to 10:00 AM
all,Survey-Depart,0.028152081990567974,12,10:00 AM to 10:30 AM
all,Survey-Depart,0.021633481750444564,13,10:30 AM to 11:00 AM
all,Survey-Depart,0.028667906061334233,14,11:00 AM to 11:30 AM
all,Survey-Depart,0.02807915351924271,15,11:30 AM to 12:00 PM
all,Survey-Depart,0.02858571271099855,16,12:00 PM to 12:30 PM
all,Survey-Depart,0.023182075960457824,17,12:30 PM to 01:00 PM
all,Survey-Depart,0.02205799903935314,18,01:00 PM to 01:30 PM
all,Survey-Depart,0.018955968003157613,19,01:30 PM to 02:00 PM
all,Survey-Depart,0.022677162886537414,20,02:00 PM to 02:30 PM
all,Survey-Depart,0.020248142193571055,21,02:30 PM to 03:00 PM
all,Survey-Depart,0.020920652834808394,22,03:00 PM to 03:30 PM
all,Survey-Depart,0.01897417893577283,23,03:30 PM to 04:00 PM
all,Survey-Depart,0.019214446347007693,24,04:00 PM to 04:30 PM
all,Survey-Depart,0.018448195234337845,25,04:30 PM to 05:00 PM
all,Survey-Depart,0.022381083955079064,26,05:00 PM to 05:30 PM
all,Survey-Depart,0.02470657060754834,27,05:30 PM to 06:00 PM
all,Survey-Depart,0.022259993032633024,28,06:00 PM to 06:30 PM
all,Survey-Depart,0.023696883410725282,29,06:30 PM to 07:00 PM
all,Survey-Depart,0.0169091975514528,30,07:00 PM to 07:30 PM
all,Survey-Depart,0.010712462840690235,31,07:30 PM to 08:00 PM
all,Survey-Depart,0.007706424071119399,32,08:00 PM to 08:30 PM
all,Survey-Depart,0.004913140495225891,33,08:30 PM to 09:00 PM
all,Survey-Depart,0.0033155361030140183,34,09:00 PM to 09:30 PM
all,Survey-Depart,0.0021426614033899973,35,09:30 PM to 10:00 PM
all,Survey-Depart,0.0021374852878091005,36,10:00 PM to 10:30 PM
all,Survey-Depart,0.0010822806949173486,37,10:30 PM to 11:00 PM
all,Survey-Depart,0.0006622691399005425,38,11:00 PM to 11:30 PM
all,Survey-Depart,0.0004803880911427517,39,11:30 PM to 12:00 AM
all,Survey-Depart,0.0006258714921045492,40,12:00 PM to 03:00 AM
