ANODE,BNODE,RDNM_TOLL,RDNM_TOLL_SEG,RDNM_TOLL_SEG_m
20388,14674,I-294_TOLLWAY,I-294_TOLLWAY South of I-290,I-294_TOLLWAY South of I-290 & I-80/294_TOLLWAY
20387,20382,I-294_TOLLWAY,I-294_TOLLWAY South of I-290,I-294_TOLLWAY South of I-290 & I-80/294_TOLLWAY
20383,20388,I-294_TOLLWAY,I-294_TOLLWAY South of I-290,I-294_TOLLWAY South of I-290 & I-80/294_TOLLWAY
20382,20374,I-294_TOLLWAY,I-294_TOLLWAY South of I-290,I-294_TOLLWAY South of I-290 & I-80/294_TOLLWAY
20374,20368,I-294_TOLLWAY,I-294_TOLLWAY South of I-290,I-294_TOLLWAY South of I-290 & I-80/294_TOLLWAY
20371,20383,I-294_TOLLWAY,I-294_TOLLWAY South of I-290,I-294_TOLLWAY South of I-290 & I-80/294_TOLLWAY
20369,20371,I-294_TOLLWAY,I-294_TOLLWAY South of I-290,I-294_TOLLWAY South of I-290 & I-80/294_TOLLWAY
20368,20366,I-294_TOLLWAY,I-294_TOLLWAY South of I-290,I-294_TOLLWAY South of I-290 & I-80/294_TOLLWAY
20366,20361,I-294_TOLLWAY,I-294_TOLLWAY South of I-290,I-294_TOLLWAY South of I-290 & I-80/294_TOLLWAY
20361,20360,I-294_TOLLWAY,I-294_TOLLWAY South of I-290,I-294_TOLLWAY South of I-290 & I-80/294_TOLLWAY
20360,20357,I-294_TOLLWAY,I-294_TOLLWAY South of I-290,I-294_TOLLWAY South of I-290 & I-80/294_TOLLWAY
20357,12996,I-294_TOLLWAY,I-294_TOLLWAY South of I-290,I-294_TOLLWAY South of I-290 & I-80/294_TOLLWAY
20356,20369,I-294_TOLLWAY,I-294_TOLLWAY South of I-290,I-294_TOLLWAY South of I-290 & I-80/294_TOLLWAY
20352,12997,I-294_TOLLWAY,I-294_TOLLWAY South of I-290,I-294_TOLLWAY South of I-290 & I-80/294_TOLLWAY
20348,12993,I-294_TOLLWAY,I-294_TOLLWAY South of I-290,I-294_TOLLWAY South of I-290 & I-80/294_TOLLWAY
20332,12533,I-294_TOLLWAY,I-294_TOLLWAY South of I-290,I-294_TOLLWAY South of I-290 & I-80/294_TOLLWAY
20329,20332,I-294_TOLLWAY,I-294_TOLLWAY South of I-290,I-294_TOLLWAY South of I-290 & I-80/294_TOLLWAY
20322,20329,I-294_TOLLWAY,I-294_TOLLWAY South of I-290,I-294_TOLLWAY South of I-290 & I-80/294_TOLLWAY
20313,11718,I-294_TOLLWAY,I-294_TOLLWAY South of I-290,I-294_TOLLWAY South of I-290 & I-80/294_TOLLWAY
20279,20277,I-294_TOLLWAY,I-294_TOLLWAY South of I-290,I-294_TOLLWAY South of I-290 & I-80/294_TOLLWAY
20277,20270,I-294_TOLLWAY,I-294_TOLLWAY South of I-290,I-294_TOLLWAY South of I-290 & I-80/294_TOLLWAY
20276,11528,I-294_TOLLWAY,I-294_TOLLWAY South of I-290,I-294_TOLLWAY South of I-290 & I-80/294_TOLLWAY
20271,20276,I-294_TOLLWAY,I-294_TOLLWAY South of I-290,I-294_TOLLWAY South of I-290 & I-80/294_TOLLWAY
20270,11525,I-294_TOLLWAY,I-294_TOLLWAY South of I-290,I-294_TOLLWAY South of I-290 & I-80/294_TOLLWAY
20268,20271,I-294_TOLLWAY,I-294_TOLLWAY South of I-290,I-294_TOLLWAY South of I-290 & I-80/294_TOLLWAY
20259,11458,I-294_TOLLWAY,I-294_TOLLWAY South of I-290,I-294_TOLLWAY South of I-290 & I-80/294_TOLLWAY
20258,11450,I-294_TOLLWAY,I-294_TOLLWAY South of I-290,I-294_TOLLWAY South of I-290 & I-80/294_TOLLWAY
20252,11475,I-294_TOLLWAY,I-294_TOLLWAY South of I-290,I-294_TOLLWAY South of I-290 & I-80/294_TOLLWAY
20241,11460,I-294_TOLLWAY,I-294_TOLLWAY South of I-290,I-294_TOLLWAY South of I-290 & I-80/294_TOLLWAY
14776,14690,I-294_TOLLWAY,I-294_TOLLWAY South of I-290,I-294_TOLLWAY South of I-290 & I-80/294_TOLLWAY
14693,20387,I-294_TOLLWAY,I-294_TOLLWAY South of I-290,I-294_TOLLWAY South of I-290 & I-80/294_TOLLWAY
14692,14693,I-294_TOLLWAY,I-294_TOLLWAY South of I-290,I-294_TOLLWAY South of I-290 & I-80/294_TOLLWAY
14691,14692,I-294_TOLLWAY,I-294_TOLLWAY South of I-290,I-294_TOLLWAY South of I-290 & I-80/294_TOLLWAY
14690,14691,I-294_TOLLWAY,I-294_TOLLWAY South of I-290,I-294_TOLLWAY South of I-290 & I-80/294_TOLLWAY
14674,14673,I-294_TOLLWAY,I-294_TOLLWAY South of I-290,I-294_TOLLWAY South of I-290 & I-80/294_TOLLWAY
14673,14672,I-294_TOLLWAY,I-294_TOLLWAY South of I-290,I-294_TOLLWAY South of I-290 & I-80/294_TOLLWAY
14672,14671,I-294_TOLLWAY,I-294_TOLLWAY South of I-290,I-294_TOLLWAY South of I-290 & I-80/294_TOLLWAY
14671,14745,I-294_TOLLWAY,I-294_TOLLWAY South of I-290,I-294_TOLLWAY South of I-290 & I-80/294_TOLLWAY
12997,12761,I-294_TOLLWAY,I-294_TOLLWAY South of I-290,I-294_TOLLWAY South of I-290 & I-80/294_TOLLWAY
12996,20352,I-294_TOLLWAY,I-294_TOLLWAY South of I-290,I-294_TOLLWAY South of I-290 & I-80/294_TOLLWAY
12993,20356,I-294_TOLLWAY,I-294_TOLLWAY South of I-290,I-294_TOLLWAY South of I-290 & I-80/294_TOLLWAY
12980,20348,I-294_TOLLWAY,I-294_TOLLWAY South of I-290,I-294_TOLLWAY South of I-290 & I-80/294_TOLLWAY
12762,12980,I-294_TOLLWAY,I-294_TOLLWAY South of I-290,I-294_TOLLWAY South of I-290 & I-80/294_TOLLWAY
12761,12746,I-294_TOLLWAY,I-294_TOLLWAY South of I-290,I-294_TOLLWAY South of I-290 & I-80/294_TOLLWAY
12746,11847,I-294_TOLLWAY,I-294_TOLLWAY South of I-290,I-294_TOLLWAY South of I-290 & I-80/294_TOLLWAY
12743,12762,I-294_TOLLWAY,I-294_TOLLWAY South of I-290,I-294_TOLLWAY South of I-290 & I-80/294_TOLLWAY
12533,12743,I-294_TOLLWAY,I-294_TOLLWAY South of I-290,I-294_TOLLWAY South of I-290 & I-80/294_TOLLWAY
11847,11832,I-294_TOLLWAY,I-294_TOLLWAY South of I-290,I-294_TOLLWAY South of I-290 & I-80/294_TOLLWAY
11832,20313,I-294_TOLLWAY,I-294_TOLLWAY South of I-290,I-294_TOLLWAY South of I-290 & I-80/294_TOLLWAY
11782,20322,I-294_TOLLWAY,I-294_TOLLWAY South of I-290,I-294_TOLLWAY South of I-290 & I-80/294_TOLLWAY
11747,11782,I-294_TOLLWAY,I-294_TOLLWAY South of I-290,I-294_TOLLWAY South of I-290 & I-80/294_TOLLWAY
11718,11602,I-294_TOLLWAY,I-294_TOLLWAY South of I-290,I-294_TOLLWAY South of I-290 & I-80/294_TOLLWAY
11602,20279,I-294_TOLLWAY,I-294_TOLLWAY South of I-290,I-294_TOLLWAY South of I-290 & I-80/294_TOLLWAY
11593,11747,I-294_TOLLWAY,I-294_TOLLWAY South of I-290,I-294_TOLLWAY South of I-290 & I-80/294_TOLLWAY
11528,11593,I-294_TOLLWAY,I-294_TOLLWAY South of I-290,I-294_TOLLWAY South of I-290 & I-80/294_TOLLWAY
11525,11465,I-294_TOLLWAY,I-294_TOLLWAY South of I-290,I-294_TOLLWAY South of I-290 & I-80/294_TOLLWAY
11475,11496,I-294_TOLLWAY,I-294_TOLLWAY South of I-290,I-294_TOLLWAY South of I-290 & I-80/294_TOLLWAY
11472,20241,I-294_TOLLWAY,I-294_TOLLWAY South of I-290,I-294_TOLLWAY South of I-290 & I-80/294_TOLLWAY
11465,11457,I-294_TOLLWAY,I-294_TOLLWAY South of I-290,I-294_TOLLWAY South of I-290 & I-80/294_TOLLWAY
11460,11440,I-294_TOLLWAY,I-294_TOLLWAY South of I-290,I-294_TOLLWAY South of I-290 & I-80/294_TOLLWAY
11459,20252,I-294_TOLLWAY,I-294_TOLLWAY South of I-290,I-294_TOLLWAY South of I-290 & I-80/294_TOLLWAY
11458,11459,I-294_TOLLWAY,I-294_TOLLWAY South of I-290,I-294_TOLLWAY South of I-290 & I-80/294_TOLLWAY
11457,20259,I-294_TOLLWAY,I-294_TOLLWAY South of I-290,I-294_TOLLWAY South of I-290 & I-80/294_TOLLWAY
11451,20258,I-294_TOLLWAY,I-294_TOLLWAY South of I-290,I-294_TOLLWAY South of I-290 & I-80/294_TOLLWAY
11450,11449,I-294_TOLLWAY,I-294_TOLLWAY South of I-290,I-294_TOLLWAY South of I-290 & I-80/294_TOLLWAY
11449,20268,I-294_TOLLWAY,I-294_TOLLWAY South of I-290,I-294_TOLLWAY South of I-290 & I-80/294_TOLLWAY
11440,11451,I-294_TOLLWAY,I-294_TOLLWAY South of I-290,I-294_TOLLWAY South of I-290 & I-80/294_TOLLWAY
20428,15734,I-80/294_TOLLWAY,I-80/294_TOLLWAY,I-294_TOLLWAY South of I-290 & I-80/294_TOLLWAY
15734,15489,I-80/294_TOLLWAY,I-80/294_TOLLWAY,I-294_TOLLWAY South of I-290 & I-80/294_TOLLWAY
15733,16323,I-80/294_TOLLWAY,I-80/294_TOLLWAY,I-294_TOLLWAY South of I-290 & I-80/294_TOLLWAY
15489,14991,I-80/294_TOLLWAY,I-80/294_TOLLWAY,I-294_TOLLWAY South of I-290 & I-80/294_TOLLWAY
15488,15733,I-80/294_TOLLWAY,I-80/294_TOLLWAY,I-294_TOLLWAY South of I-290 & I-80/294_TOLLWAY
14991,14776,I-80/294_TOLLWAY,I-80/294_TOLLWAY,I-294_TOLLWAY South of I-290 & I-80/294_TOLLWAY
14890,15488,I-80/294_TOLLWAY,I-80/294_TOLLWAY,I-294_TOLLWAY South of I-290 & I-80/294_TOLLWAY
14745,14890,I-80/294_TOLLWAY,I-80/294_TOLLWAY,I-294_TOLLWAY South of I-290 & I-80/294_TOLLWAY
20568,7710,I-80,I-80,I-80 & I-80/I-94
20567,20566,I-80,I-80,I-80 & I-80/I-94
20566,20565,I-80,I-80,I-80 & I-80/I-94
20565,20560,I-80,I-80,I-80 & I-80/I-94
20564,20568,I-80,I-80,I-80 & I-80/I-94
20563,20564,I-80,I-80,I-80 & I-80/I-94
20560,8491,I-80,I-80,I-80 & I-80/I-94
20559,8240,I-80,I-80,I-80 & I-80/I-94
20533,20532,I-80,I-80,I-80 & I-80/I-94
20532,20531,I-80,I-80,I-80 & I-80/I-94
20531,8861,I-80,I-80,I-80 & I-80/I-94
20529,8794,I-80,I-80,I-80 & I-80/I-94
20528,20529,I-80,I-80,I-80 & I-80/I-94
20526,20528,I-80,I-80,I-80 & I-80/I-94
20524,9327,I-80,I-80,I-80 & I-80/I-94
20521,9249,I-80,I-80,I-80 & I-80/I-94
20516,9338,I-80,I-80,I-80 & I-80/I-94
20513,20511,I-80,I-80,I-80 & I-80/I-94
20512,20513,I-80,I-80,I-80 & I-80/I-94
20511,20503,I-80,I-80,I-80 & I-80/I-94
20510,9446,I-80,I-80,I-80 & I-80/I-94
20509,20510,I-80,I-80,I-80 & I-80/I-94
20503,10529,I-80,I-80,I-80 & I-80/I-94
20502,20509,I-80,I-80,I-80 & I-80/I-94
20491,20488,I-80,I-80,I-80 & I-80/I-94
20490,10521,I-80,I-80,I-80 & I-80/I-94
20488,12288,I-80,I-80,I-80 & I-80/I-94
20487,20490,I-80,I-80,I-80 & I-80/I-94
20478,20477,I-80,I-80,I-80 & I-80/I-94
20477,20475,I-80,I-80,I-80 & I-80/I-94
20476,12398,I-80,I-80,I-80 & I-80/I-94
20475,20474,I-80,I-80,I-80 & I-80/I-94
20474,20461,I-80,I-80,I-80 & I-80/I-94
20473,20476,I-80,I-80,I-80 & I-80/I-94
20472,20473,I-80,I-80,I-80 & I-80/I-94
20471,20472,I-80,I-80,I-80 & I-80/I-94
20468,20466,I-80,I-80,I-80 & I-80/I-94
20467,20487,I-80,I-80,I-80 & I-80/I-94
20466,20478,I-80,I-80,I-80 & I-80/I-94
20465,20467,I-80,I-80,I-80 & I-80/I-94
20461,20458,I-80,I-80,I-80 & I-80/I-94
20459,20471,I-80,I-80,I-80 & I-80/I-94
20458,20456,I-80,I-80,I-80 & I-80/I-94
20456,20450,I-80,I-80,I-80 & I-80/I-94
20454,20459,I-80,I-80,I-80 & I-80/I-94
20451,20454,I-80,I-80,I-80 & I-80/I-94
20450,14439,I-80,I-80,I-80 & I-80/I-94
20448,20451,I-80,I-80,I-80 & I-80/I-94
14776,14750,I-80,I-80,I-80 & I-80/I-94
14750,14738,I-80,I-80,I-80 & I-80/I-94
14738,14643,I-80,I-80,I-80 & I-80/I-94
14643,14440,I-80,I-80,I-80 & I-80/I-94
14631,14667,I-80,I-80,I-80 & I-80/I-94
14440,20448,I-80,I-80,I-80 & I-80/I-94
14439,14631,I-80,I-80,I-80 & I-80/I-94
12398,20465,I-80,I-80,I-80 & I-80/I-94
12288,20468,I-80,I-80,I-80 & I-80/I-94
10529,20491,I-80,I-80,I-80 & I-80/I-94
10521,20502,I-80,I-80,I-80 & I-80/I-94
9446,20516,I-80,I-80,I-80 & I-80/I-94
9417,20512,I-80,I-80,I-80 & I-80/I-94
9338,20521,I-80,I-80,I-80 & I-80/I-94
9327,9417,I-80,I-80,I-80 & I-80/I-94
9259,20524,I-80,I-80,I-80 & I-80/I-94
9249,9143,I-80,I-80,I-80 & I-80/I-94
9143,9068,I-80,I-80,I-80 & I-80/I-94
9099,9124,I-80,I-80,I-80 & I-80/I-94
9068,20526,I-80,I-80,I-80 & I-80/I-94
8861,9099,I-80,I-80,I-80 & I-80/I-94
8794,8488,I-80,I-80,I-80 & I-80/I-94
8491,20533,I-80,I-80,I-80 & I-80/I-94
8488,20559,I-80,I-80,I-80 & I-80/I-94
8240,20563,I-80,I-80,I-80 & I-80/I-94
8189,20567,I-80,I-80,I-80 & I-80/I-94
7710,7624,I-80,I-80,I-80 & I-80/I-94
11465,11252,I-88/294_TOLLWAY,I-88/294_TOLLWAY,I-88_TOLLWAY& I-88/294_TOLLWAY
11335,11449,I-88/294_TOLLWAY,I-88/294_TOLLWAY,I-88_TOLLWAY& I-88/294_TOLLWAY
11274,11335,I-88/294_TOLLWAY,I-88/294_TOLLWAY,I-88_TOLLWAY& I-88/294_TOLLWAY
22108,22107,I-88_TOLLWAY,I-88_TOLLWAY,I-88_TOLLWAY& I-88/294_TOLLWAY
22107,7578,I-88_TOLLWAY,I-88_TOLLWAY,I-88_TOLLWAY& I-88/294_TOLLWAY
22106,7504,I-88_TOLLWAY,I-88_TOLLWAY,I-88_TOLLWAY& I-88/294_TOLLWAY
22105,22106,I-88_TOLLWAY,I-88_TOLLWAY,I-88_TOLLWAY& I-88/294_TOLLWAY
22099,22097,I-88_TOLLWAY,I-88_TOLLWAY,I-88_TOLLWAY& I-88/294_TOLLWAY
22098,7579,I-88_TOLLWAY,I-88_TOLLWAY,I-88_TOLLWAY& I-88/294_TOLLWAY
22097,8110,I-88_TOLLWAY,I-88_TOLLWAY,I-88_TOLLWAY& I-88/294_TOLLWAY
22096,22098,I-88_TOLLWAY,I-88_TOLLWAY,I-88_TOLLWAY& I-88/294_TOLLWAY
22090,22083,I-88_TOLLWAY,I-88_TOLLWAY,I-88_TOLLWAY& I-88/294_TOLLWAY
22089,8786,I-88_TOLLWAY,I-88_TOLLWAY,I-88_TOLLWAY& I-88/294_TOLLWAY
22088,8416,I-88_TOLLWAY,I-88_TOLLWAY,I-88_TOLLWAY& I-88/294_TOLLWAY
22083,9433,I-88_TOLLWAY,I-88_TOLLWAY,I-88_TOLLWAY& I-88/294_TOLLWAY
22082,9845,I-88_TOLLWAY,I-88_TOLLWAY,I-88_TOLLWAY& I-88/294_TOLLWAY
22080,9750,I-88_TOLLWAY,I-88_TOLLWAY,I-88_TOLLWAY& I-88/294_TOLLWAY
22077,22080,I-88_TOLLWAY,I-88_TOLLWAY,I-88_TOLLWAY& I-88/294_TOLLWAY
21706,7264,I-88_TOLLWAY,I-88_TOLLWAY,I-88_TOLLWAY& I-88/294_TOLLWAY
20742,6718,I-88_TOLLWAY,I-88_TOLLWAY,I-88_TOLLWAY& I-88/294_TOLLWAY
20741,6836,I-88_TOLLWAY,I-88_TOLLWAY,I-88_TOLLWAY& I-88/294_TOLLWAY
20739,6719,I-88_TOLLWAY,I-88_TOLLWAY,I-88_TOLLWAY& I-88/294_TOLLWAY
20738,6837,I-88_TOLLWAY,I-88_TOLLWAY,I-88_TOLLWAY& I-88/294_TOLLWAY
20265,10991,I-88_TOLLWAY,I-88_TOLLWAY,I-88_TOLLWAY& I-88/294_TOLLWAY
20264,10295,I-88_TOLLWAY,I-88_TOLLWAY,I-88_TOLLWAY& I-88/294_TOLLWAY
20263,20264,I-88_TOLLWAY,I-88_TOLLWAY,I-88_TOLLWAY& I-88/294_TOLLWAY
20207,11623,I-88_TOLLWAY,I-88_TOLLWAY,I-88_TOLLWAY& I-88/294_TOLLWAY
19816,19819,I-88_TOLLWAY,I-88_TOLLWAY,I-88_TOLLWAY& I-88/294_TOLLWAY
11624,11523,I-88_TOLLWAY,I-88_TOLLWAY,I-88_TOLLWAY& I-88/294_TOLLWAY
11529,20207,I-88_TOLLWAY,I-88_TOLLWAY,I-88_TOLLWAY& I-88/294_TOLLWAY
11523,11416,I-88_TOLLWAY,I-88_TOLLWAY,I-88_TOLLWAY& I-88/294_TOLLWAY
11420,11529,I-88_TOLLWAY,I-88_TOLLWAY,I-88_TOLLWAY& I-88/294_TOLLWAY
11416,11280,I-88_TOLLWAY,I-88_TOLLWAY,I-88_TOLLWAY& I-88/294_TOLLWAY
11280,11252,I-88_TOLLWAY,I-88_TOLLWAY,I-88_TOLLWAY& I-88/294_TOLLWAY
11274,11420,I-88_TOLLWAY,I-88_TOLLWAY,I-88_TOLLWAY& I-88/294_TOLLWAY
11252,11171,I-88_TOLLWAY,I-88_TOLLWAY,I-88_TOLLWAY& I-88/294_TOLLWAY
11171,11142,I-88_TOLLWAY,I-88_TOLLWAY,I-88_TOLLWAY& I-88/294_TOLLWAY
11142,11064,I-88_TOLLWAY,I-88_TOLLWAY,I-88_TOLLWAY& I-88/294_TOLLWAY
11064,20263,I-88_TOLLWAY,I-88_TOLLWAY,I-88_TOLLWAY& I-88/294_TOLLWAY
10991,11274,I-88_TOLLWAY,I-88_TOLLWAY,I-88_TOLLWAY& I-88/294_TOLLWAY
10732,20265,I-88_TOLLWAY,I-88_TOLLWAY,I-88_TOLLWAY& I-88/294_TOLLWAY
10295,10139,I-88_TOLLWAY,I-88_TOLLWAY,I-88_TOLLWAY& I-88/294_TOLLWAY
10288,19816,I-88_TOLLWAY,I-88_TOLLWAY,I-88_TOLLWAY& I-88/294_TOLLWAY
10139,9821,I-88_TOLLWAY,I-88_TOLLWAY,I-88_TOLLWAY& I-88/294_TOLLWAY
10138,10288,I-88_TOLLWAY,I-88_TOLLWAY,I-88_TOLLWAY& I-88/294_TOLLWAY
9845,10138,I-88_TOLLWAY,I-88_TOLLWAY,I-88_TOLLWAY& I-88/294_TOLLWAY
9821,22077,I-88_TOLLWAY,I-88_TOLLWAY,I-88_TOLLWAY& I-88/294_TOLLWAY
9772,22082,I-88_TOLLWAY,I-88_TOLLWAY,I-88_TOLLWAY& I-88/294_TOLLWAY
9750,9434,I-88_TOLLWAY,I-88_TOLLWAY,I-88_TOLLWAY& I-88/294_TOLLWAY
9561,9772,I-88_TOLLWAY,I-88_TOLLWAY,I-88_TOLLWAY& I-88/294_TOLLWAY
9434,8846,I-88_TOLLWAY,I-88_TOLLWAY,I-88_TOLLWAY& I-88/294_TOLLWAY
9433,9561,I-88_TOLLWAY,I-88_TOLLWAY,I-88_TOLLWAY& I-88/294_TOLLWAY
8846,8790,I-88_TOLLWAY,I-88_TOLLWAY,I-88_TOLLWAY& I-88/294_TOLLWAY
8845,22090,I-88_TOLLWAY,I-88_TOLLWAY,I-88_TOLLWAY& I-88/294_TOLLWAY
8790,22088,I-88_TOLLWAY,I-88_TOLLWAY,I-88_TOLLWAY& I-88/294_TOLLWAY
8786,8845,I-88_TOLLWAY,I-88_TOLLWAY,I-88_TOLLWAY& I-88/294_TOLLWAY
8424,22089,I-88_TOLLWAY,I-88_TOLLWAY,I-88_TOLLWAY& I-88/294_TOLLWAY
8416,8173,I-88_TOLLWAY,I-88_TOLLWAY,I-88_TOLLWAY& I-88/294_TOLLWAY
8173,8111,I-88_TOLLWAY,I-88_TOLLWAY,I-88_TOLLWAY& I-88/294_TOLLWAY
8172,8424,I-88_TOLLWAY,I-88_TOLLWAY,I-88_TOLLWAY& I-88/294_TOLLWAY
8111,22096,I-88_TOLLWAY,I-88_TOLLWAY,I-88_TOLLWAY& I-88/294_TOLLWAY
8110,8172,I-88_TOLLWAY,I-88_TOLLWAY,I-88_TOLLWAY& I-88/294_TOLLWAY
7579,22105,I-88_TOLLWAY,I-88_TOLLWAY,I-88_TOLLWAY& I-88/294_TOLLWAY
7578,22099,I-88_TOLLWAY,I-88_TOLLWAY,I-88_TOLLWAY& I-88/294_TOLLWAY
7504,7274,I-88_TOLLWAY,I-88_TOLLWAY,I-88_TOLLWAY& I-88/294_TOLLWAY
7503,22108,I-88_TOLLWAY,I-88_TOLLWAY,I-88_TOLLWAY& I-88/294_TOLLWAY
7274,7265,I-88_TOLLWAY,I-88_TOLLWAY,I-88_TOLLWAY& I-88/294_TOLLWAY
7273,7503,I-88_TOLLWAY,I-88_TOLLWAY,I-88_TOLLWAY& I-88/294_TOLLWAY
7265,7150,I-88_TOLLWAY,I-88_TOLLWAY,I-88_TOLLWAY& I-88/294_TOLLWAY
7264,7273,I-88_TOLLWAY,I-88_TOLLWAY,I-88_TOLLWAY& I-88/294_TOLLWAY
7150,20738,I-88_TOLLWAY,I-88_TOLLWAY,I-88_TOLLWAY& I-88/294_TOLLWAY
7086,21706,I-88_TOLLWAY,I-88_TOLLWAY,I-88_TOLLWAY& I-88/294_TOLLWAY
6837,20739,I-88_TOLLWAY,I-88_TOLLWAY,I-88_TOLLWAY& I-88/294_TOLLWAY
6836,7086,I-88_TOLLWAY,I-88_TOLLWAY,I-88_TOLLWAY& I-88/294_TOLLWAY
6719,6253,I-88_TOLLWAY,I-88_TOLLWAY,I-88_TOLLWAY& I-88/294_TOLLWAY
6719,20740,I-88_TOLLWAY,I-88_TOLLWAY,I-88_TOLLWAY& I-88/294_TOLLWAY
6718,20741,I-88_TOLLWAY,I-88_TOLLWAY,I-88_TOLLWAY& I-88/294_TOLLWAY
6256,6718,I-88_TOLLWAY,I-88_TOLLWAY,I-88_TOLLWAY& I-88/294_TOLLWAY
6253,5288,I-88_TOLLWAY,I-88_TOLLWAY,I-88_TOLLWAY& I-88/294_TOLLWAY
21649,11809,I-190,I-190,I-190
21648,11947,I-190,I-190,I-190
21643,21649,I-190,I-190,I-190
21640,11953,I-190,I-190,I-190
21635,21634,I-190,I-190,I-190
21634,21633,I-190,I-190,I-190
21633,12259,I-190,I-190,I-190
12362,12147,I-190,I-190,I-190
12259,12361,I-190,I-190,I-190
12147,12102,I-190,I-190,I-190
12102,12008,I-190,I-190,I-190
12101,21635,I-190,I-190,I-190
12008,21640,I-190,I-190,I-190
11976,12101,I-190,I-190,I-190
11953,21643,I-190,I-190,I-190
11947,11976,I-190,I-190,I-190
11889,21648,I-190,I-190,I-190
11882,11808,I-190,I-190,I-190
11809,11755,I-190,I-190,I-190
11808,11889,I-190,I-190,I-190
11756,11882,I-190,I-190,I-190
21076,21075,I-290,I-290,I-290
21075,13514,I-290,I-290,I-290
21072,21071,I-290,I-290,I-290
21071,13345,I-290,I-290,I-290
21070,12606,I-290,I-290,I-290
21065,13349,I-290,I-290,I-290
21055,12850,I-290,I-290,I-290
21051,14225,I-290,I-290,I-290
21048,13899,I-290,I-290,I-290
20226,20225,I-290,I-290,I-290
20225,20223,I-290,I-290,I-290
20224,11749,I-290,I-290,I-290
20223,20217,I-290,I-290,I-290
20216,20224,I-290,I-290,I-290
20215,12343,I-290,I-290,I-290
20214,20213,I-290,I-290,I-290
20213,12199,I-290,I-290,I-290
20212,12132,I-290,I-290,I-290
20211,12286,I-290,I-290,I-290
20210,20212,I-290,I-290,I-290
20207,20205,I-290,I-290,I-290
20206,11623,I-290,I-290,I-290
20206,20205,I-290,I-290,I-290
20205,11750,I-290,I-290,I-290
20202,11486,I-290,I-290,I-290
20201,20206,I-290,I-290,I-290
20196,20194,I-290,I-290,I-290
20195,11415,I-290,I-290,I-290
20194,20190,I-290,I-290,I-290
20191,20195,I-290,I-290,I-290
20190,11425,I-290,I-290,I-290
20189,20191,I-290,I-290,I-290
20188,11409,I-290,I-290,I-290
20186,11389,I-290,I-290,I-290
20181,11357,I-290,I-290,I-290
20177,20186,I-290,I-290,I-290
20176,20177,I-290,I-290,I-290
20165,11144,I-290,I-290,I-290
20162,20165,I-290,I-290,I-290
20161,20162,I-290,I-290,I-290
20159,20158,I-290,I-290,I-290
20158,20156,I-290,I-290,I-290
20156,10184,I-290,I-290,I-290
20147,10072,I-290,I-290,I-290
20146,10086,I-290,I-290,I-290
20139,10042,I-290,I-290,I-290
20138,10026,I-290,I-290,I-290
20137,20138,I-290,I-290,I-290
20132,20127,I-290,I-290,I-290
20129,9931,I-290,I-290,I-290
20127,9956,I-290,I-290,I-290
20127,20110,I-290,I-290,I-290
20125,20118,I-290,I-290,I-290
20124,9975,I-290,I-290,I-290
20118,10007,I-290,I-290,I-290
20116,20124,I-290,I-290,I-290
20112,20110,I-290,I-290,I-290
20111,9980,I-290,I-290,I-290
20110,9952,I-290,I-290,I-290
20109,20129,I-290,I-290,I-290
20109,20111,I-290,I-290,I-290
20106,9933,I-290,I-290,I-290
20105,20106,I-290,I-290,I-290
20104,20093,I-290,I-290,I-290
20094,20105,I-290,I-290,I-290
20093,20092,I-290,I-290,I-290
20092,20090,I-290,I-290,I-290
20090,10166,I-290,I-290,I-290
20089,9921,I-290,I-290,I-290
20086,10148,I-290,I-290,I-290
20085,20086,I-290,I-290,I-290
20084,20072,I-290,I-290,I-290
20073,20085,I-290,I-290,I-290
20072,10380,I-290,I-290,I-290
20069,10321,I-290,I-290,I-290
20068,10315,I-290,I-290,I-290
20064,20068,I-290,I-290,I-290
15303,15173,I-290,I-290,I-290
15238,21021,I-290,I-290,I-290
15173,14981,I-290,I-290,I-290
14981,14924,I-290,I-290,I-290
14980,15238,I-290,I-290,I-290
14924,14797,I-290,I-290,I-290
14912,14980,I-290,I-290,I-290
14797,14755,I-290,I-290,I-290
14788,14912,I-290,I-290,I-290
14755,14678,I-290,I-290,I-290
14754,14788,I-290,I-290,I-290
14688,14754,I-290,I-290,I-290
14678,14635,I-290,I-290,I-290
14635,14520,I-290,I-290,I-290
14634,14688,I-290,I-290,I-290
14520,14463,I-290,I-290,I-290
14512,14634,I-290,I-290,I-290
14463,14274,I-290,I-290,I-290
14458,14512,I-290,I-290,I-290
14274,14222,I-290,I-290,I-290
14273,14458,I-290,I-290,I-290
14225,14273,I-290,I-290,I-290
14222,14074,I-290,I-290,I-290
14074,21048,I-290,I-290,I-290
13998,21051,I-290,I-290,I-290
13899,13694,I-290,I-290,I-290
13891,13998,I-290,I-290,I-290
13694,13643,I-290,I-290,I-290
13693,13891,I-290,I-290,I-290
13643,13515,I-290,I-290,I-290
13642,13693,I-290,I-290,I-290
13515,21072,I-290,I-290,I-290
13514,13642,I-290,I-290,I-290
13349,21076,I-290,I-290,I-290
13345,13064,I-290,I-290,I-290
13064,21055,I-290,I-290,I-290
12978,21065,I-290,I-290,I-290
12850,21070,I-290,I-290,I-290
12827,12978,I-290,I-290,I-290
12672,12827,I-290,I-290,I-290
12606,12535,I-290,I-290,I-290
12535,20211,I-290,I-290,I-290
12343,12521,I-290,I-290,I-290
12286,20210,I-290,I-290,I-290
12199,20215,I-290,I-290,I-290
12132,20216,I-290,I-290,I-290
11773,20226,I-290,I-290,I-290
11750,11773,I-290,I-290,I-290
11624,20202,I-290,I-290,I-290
11623,20217,I-290,I-290,I-290
11486,20196,I-290,I-290,I-290
11425,20188,I-290,I-290,I-290
11423,20201,I-290,I-290,I-290
11415,11423,I-290,I-290,I-290
11409,20181,I-290,I-290,I-290
11389,20189,I-290,I-290,I-290
11357,11145,I-290,I-290,I-290
11145,11106,I-290,I-290,I-290
11144,20176,I-290,I-290,I-290
11106,10799,I-290,I-290,I-290
10799,20159,I-290,I-290,I-290
10723,20161,I-290,I-290,I-290
10380,10340,I-290,I-290,I-290
10359,20073,I-290,I-290,I-290
10353,20084,I-290,I-290,I-290
10340,20069,I-290,I-290,I-290
10321,10149,I-290,I-290,I-290
10315,10359,I-290,I-290,I-290
10276,20064,I-290,I-290,I-290
10184,10143,I-290,I-290,I-290
10166,10353,I-290,I-290,I-290
10165,10723,I-290,I-290,I-290
10148,20089,I-290,I-290,I-290
10143,10080,I-290,I-290,I-290
10133,10276,I-290,I-290,I-290
10101,10165,I-290,I-290,I-290
10086,20139,I-290,I-290,I-290
10080,20146,I-290,I-290,I-290
10076,20147,I-290,I-290,I-290
10072,10101,I-290,I-290,I-290
10042,9961,I-290,I-290,I-290
10026,10076,I-290,I-290,I-290
10007,9992,I-290,I-290,I-290
10005,20125,I-290,I-290,I-290
9992,20112,I-290,I-290,I-290
9980,9974,I-290,I-290,I-290
9975,9947,I-290,I-290,I-290
9974,20116,I-290,I-290,I-290
9961,20132,I-290,I-290,I-290
9956,10005,I-290,I-290,I-290
9953,20104,I-290,I-290,I-290
9952,9953,I-290,I-290,I-290
9947,20129,I-290,I-290,I-290
9933,20109,I-290,I-290,I-290
9931,20137,I-290,I-290,I-290
9921,20094,I-290,I-290,I-290
22258,12110,I-294_TOLLWAY,I-294_TOLLWAY North of I-290,I-294_TOLLWAY North of I-290
21662,11903,I-294_TOLLWAY,I-294_TOLLWAY North of I-290,I-294_TOLLWAY North of I-290
21660,11891,I-294_TOLLWAY,I-294_TOLLWAY North of I-290,I-294_TOLLWAY North of I-290
21659,11891,I-294_TOLLWAY,I-294_TOLLWAY North of I-290,I-294_TOLLWAY North of I-290
21658,21659,I-294_TOLLWAY,I-294_TOLLWAY North of I-290,I-294_TOLLWAY North of I-290
21657,21660,I-294_TOLLWAY,I-294_TOLLWAY North of I-290,I-294_TOLLWAY North of I-290
21612,12050,I-294_TOLLWAY,I-294_TOLLWAY North of I-290,I-294_TOLLWAY North of I-290
21606,12109,I-294_TOLLWAY,I-294_TOLLWAY North of I-290,I-294_TOLLWAY North of I-290
21601,21600,I-294_TOLLWAY,I-294_TOLLWAY North of I-290,I-294_TOLLWAY North of I-290
21600,21591,I-294_TOLLWAY,I-294_TOLLWAY North of I-290,I-294_TOLLWAY North of I-290
21594,21591,I-294_TOLLWAY,I-294_TOLLWAY North of I-290,I-294_TOLLWAY North of I-290
21593,12057,I-294_TOLLWAY,I-294_TOLLWAY North of I-290,I-294_TOLLWAY North of I-290
21591,12081,I-294_TOLLWAY,I-294_TOLLWAY North of I-290,I-294_TOLLWAY North of I-290
20731,20725,I-294_TOLLWAY,I-294_TOLLWAY North of I-290,I-294_TOLLWAY North of I-290
20729,12051,I-294_TOLLWAY,I-294_TOLLWAY North of I-290,I-294_TOLLWAY North of I-290
20727,20726,I-294_TOLLWAY,I-294_TOLLWAY North of I-290,I-294_TOLLWAY North of I-290
20725,12082,I-294_TOLLWAY,I-294_TOLLWAY North of I-290,I-294_TOLLWAY North of I-290
20203,11462,I-294_TOLLWAY,I-294_TOLLWAY North of I-290,I-294_TOLLWAY North of I-290
20197,11461,I-294_TOLLWAY,I-294_TOLLWAY North of I-290,I-294_TOLLWAY North of I-290
12110,12093,I-294_TOLLWAY,I-294_TOLLWAY North of I-290,I-294_TOLLWAY North of I-290
12109,21601,I-294_TOLLWAY,I-294_TOLLWAY North of I-290,I-294_TOLLWAY North of I-290
12109,22258,I-294_TOLLWAY,I-294_TOLLWAY North of I-290,I-294_TOLLWAY North of I-290
12093,21594,I-294_TOLLWAY,I-294_TOLLWAY North of I-290,I-294_TOLLWAY North of I-290
12090,21606,I-294_TOLLWAY,I-294_TOLLWAY North of I-290,I-294_TOLLWAY North of I-290
12082,12062,I-294_TOLLWAY,I-294_TOLLWAY North of I-290,I-294_TOLLWAY North of I-290
12081,20731,I-294_TOLLWAY,I-294_TOLLWAY North of I-290,I-294_TOLLWAY North of I-290
12077,21612,I-294_TOLLWAY,I-294_TOLLWAY North of I-290,I-294_TOLLWAY North of I-290
12063,11940,I-294_TOLLWAY,I-294_TOLLWAY North of I-290,I-294_TOLLWAY North of I-290
12062,12063,I-294_TOLLWAY,I-294_TOLLWAY North of I-290,I-294_TOLLWAY North of I-290
12053,20729,I-294_TOLLWAY,I-294_TOLLWAY North of I-290,I-294_TOLLWAY North of I-290
12051,21593,I-294_TOLLWAY,I-294_TOLLWAY North of I-290,I-294_TOLLWAY North of I-290
12050,12037,I-294_TOLLWAY,I-294_TOLLWAY North of I-290,I-294_TOLLWAY North of I-290
12044,12043,I-294_TOLLWAY,I-294_TOLLWAY North of I-290,I-294_TOLLWAY North of I-290
12043,12053,I-294_TOLLWAY,I-294_TOLLWAY North of I-290,I-294_TOLLWAY North of I-290
12037,12010,I-294_TOLLWAY,I-294_TOLLWAY North of I-290,I-294_TOLLWAY North of I-290
12010,11946,I-294_TOLLWAY,I-294_TOLLWAY North of I-290,I-294_TOLLWAY North of I-290
11949,11930,I-294_TOLLWAY,I-294_TOLLWAY North of I-290,I-294_TOLLWAY North of I-290
11946,21658,I-294_TOLLWAY,I-294_TOLLWAY North of I-290,I-294_TOLLWAY North of I-290
11946,21657,I-294_TOLLWAY,I-294_TOLLWAY North of I-290,I-294_TOLLWAY North of I-290
11940,11967,I-294_TOLLWAY,I-294_TOLLWAY North of I-290,I-294_TOLLWAY North of I-290
11930,12044,I-294_TOLLWAY,I-294_TOLLWAY North of I-290,I-294_TOLLWAY North of I-290
11903,21653,I-294_TOLLWAY,I-294_TOLLWAY North of I-290,I-294_TOLLWAY North of I-290
11891,11437,I-294_TOLLWAY,I-294_TOLLWAY North of I-290,I-294_TOLLWAY North of I-290
11496,20203,I-294_TOLLWAY,I-294_TOLLWAY North of I-290,I-294_TOLLWAY North of I-290
11469,11472,I-294_TOLLWAY,I-294_TOLLWAY North of I-290,I-294_TOLLWAY North of I-290
11462,11442,I-294_TOLLWAY,I-294_TOLLWAY North of I-290,I-294_TOLLWAY North of I-290
11461,11469,I-294_TOLLWAY,I-294_TOLLWAY North of I-290,I-294_TOLLWAY North of I-290
11443,21662,I-294_TOLLWAY,I-294_TOLLWAY North of I-290,I-294_TOLLWAY North of I-290
11442,11443,I-294_TOLLWAY,I-294_TOLLWAY North of I-290,I-294_TOLLWAY North of I-290
11437,11436,I-294_TOLLWAY,I-294_TOLLWAY North of I-290,I-294_TOLLWAY North of I-290
11436,20197,I-294_TOLLWAY,I-294_TOLLWAY North of I-290,I-294_TOLLWAY North of I-290
22113,9606,I-355_TOLLWAY,I-355_TOLLWAY,I-355_TOLLWAY
22081,9602,I-355_TOLLWAY,I-355_TOLLWAY,I-355_TOLLWAY
22079,22076,I-355_TOLLWAY,I-355_TOLLWAY,I-355_TOLLWAY
22078,22081,I-355_TOLLWAY,I-355_TOLLWAY,I-355_TOLLWAY
22076,9747,I-355_TOLLWAY,I-355_TOLLWAY,I-355_TOLLWAY
22076,9965,I-355_TOLLWAY,I-355_TOLLWAY,I-355_TOLLWAY
22074,22071,I-355_TOLLWAY,I-355_TOLLWAY,I-355_TOLLWAY
22073,9799,I-355_TOLLWAY,I-355_TOLLWAY,I-355_TOLLWAY
22072,22073,I-355_TOLLWAY,I-355_TOLLWAY,I-355_TOLLWAY
22071,9965,I-355_TOLLWAY,I-355_TOLLWAY,I-355_TOLLWAY
22070,9915,I-355_TOLLWAY,I-355_TOLLWAY,I-355_TOLLWAY
22069,9800,I-355_TOLLWAY,I-355_TOLLWAY,I-355_TOLLWAY
22066,9779,I-355_TOLLWAY,I-355_TOLLWAY,I-355_TOLLWAY
22065,9838,I-355_TOLLWAY,I-355_TOLLWAY,I-355_TOLLWAY
21772,10395,I-355_TOLLWAY,I-355_TOLLWAY,I-355_TOLLWAY
21771,21768,I-355_TOLLWAY,I-355_TOLLWAY,I-355_TOLLWAY
21770,21772,I-355_TOLLWAY,I-355_TOLLWAY,I-355_TOLLWAY
21768,10235,I-355_TOLLWAY,I-355_TOLLWAY,I-355_TOLLWAY
21721,9681,I-355_TOLLWAY,I-355_TOLLWAY,I-355_TOLLWAY
21720,21718,I-355_TOLLWAY,I-355_TOLLWAY,I-355_TOLLWAY
21719,21721,I-355_TOLLWAY,I-355_TOLLWAY,I-355_TOLLWAY
21718,9610,I-355_TOLLWAY,I-355_TOLLWAY,I-355_TOLLWAY
21674,21671,I-355_TOLLWAY,I-355_TOLLWAY,I-355_TOLLWAY
21672,9819,I-355_TOLLWAY,I-355_TOLLWAY,I-355_TOLLWAY
21671,21669,I-355_TOLLWAY,I-355_TOLLWAY,I-355_TOLLWAY
21670,21672,I-355_TOLLWAY,I-355_TOLLWAY,I-355_TOLLWAY
21669,21666,I-355_TOLLWAY,I-355_TOLLWAY,I-355_TOLLWAY
21668,21670,I-355_TOLLWAY,I-355_TOLLWAY,I-355_TOLLWAY
21666,9966,I-355_TOLLWAY,I-355_TOLLWAY,I-355_TOLLWAY
21228,10219,I-355_TOLLWAY,I-355_TOLLWAY,I-355_TOLLWAY
21227,10252,I-355_TOLLWAY,I-355_TOLLWAY,I-355_TOLLWAY
21185,21169,I-355_TOLLWAY,I-355_TOLLWAY,I-355_TOLLWAY
21183,10151,I-355_TOLLWAY,I-355_TOLLWAY,I-355_TOLLWAY
21171,9970,I-355_TOLLWAY,I-355_TOLLWAY,I-355_TOLLWAY
21169,21162,I-355_TOLLWAY,I-355_TOLLWAY,I-355_TOLLWAY
21162,9969,I-355_TOLLWAY,I-355_TOLLWAY,I-355_TOLLWAY
21160,9969,I-355_TOLLWAY,I-355_TOLLWAY,I-355_TOLLWAY
21159,9970,I-355_TOLLWAY,I-355_TOLLWAY,I-355_TOLLWAY
21145,9902,I-355_TOLLWAY,I-355_TOLLWAY,I-355_TOLLWAY
21144,9923,I-355_TOLLWAY,I-355_TOLLWAY,I-355_TOLLWAY
20486,20483,I-355_TOLLWAY,I-355_TOLLWAY,I-355_TOLLWAY
20483,10789,I-355_TOLLWAY,I-355_TOLLWAY,I-355_TOLLWAY
20481,20485,I-355_TOLLWAY,I-355_TOLLWAY,I-355_TOLLWAY
20153,9919,I-355_TOLLWAY,I-355_TOLLWAY,I-355_TOLLWAY
10789,10403,I-355_TOLLWAY,I-355_TOLLWAY,I-355_TOLLWAY
10785,20481,I-355_TOLLWAY,I-355_TOLLWAY,I-355_TOLLWAY
10403,21771,I-355_TOLLWAY,I-355_TOLLWAY,I-355_TOLLWAY
10395,10785,I-355_TOLLWAY,I-355_TOLLWAY,I-355_TOLLWAY
10261,10180,I-355_TOLLWAY,I-355_TOLLWAY,I-355_TOLLWAY
10252,10261,I-355_TOLLWAY,I-355_TOLLWAY,I-355_TOLLWAY
10235,21227,I-355_TOLLWAY,I-355_TOLLWAY,I-355_TOLLWAY
10231,21228,I-355_TOLLWAY,I-355_TOLLWAY,I-355_TOLLWAY
10230,10231,I-355_TOLLWAY,I-355_TOLLWAY,I-355_TOLLWAY
10219,21770,I-355_TOLLWAY,I-355_TOLLWAY,I-355_TOLLWAY
10180,21185,I-355_TOLLWAY,I-355_TOLLWAY,I-355_TOLLWAY
10151,10230,I-355_TOLLWAY,I-355_TOLLWAY,I-355_TOLLWAY
10101,20153,I-355_TOLLWAY,I-355_TOLLWAY,I-355_TOLLWAY
10020,10143,I-355_TOLLWAY,I-355_TOLLWAY,I-355_TOLLWAY
9970,21183,I-355_TOLLWAY,I-355_TOLLWAY,I-355_TOLLWAY
9969,21145,I-355_TOLLWAY,I-355_TOLLWAY,I-355_TOLLWAY
9966,10020,I-355_TOLLWAY,I-355_TOLLWAY,I-355_TOLLWAY
9965,22069,I-355_TOLLWAY,I-355_TOLLWAY,I-355_TOLLWAY
9923,21159,I-355_TOLLWAY,I-355_TOLLWAY,I-355_TOLLWAY
9919,21668,I-355_TOLLWAY,I-355_TOLLWAY,I-355_TOLLWAY
9915,22072,I-355_TOLLWAY,I-355_TOLLWAY,I-355_TOLLWAY
9915,22078,I-355_TOLLWAY,I-355_TOLLWAY,I-355_TOLLWAY
9902,9891,I-355_TOLLWAY,I-355_TOLLWAY,I-355_TOLLWAY
9891,9890,I-355_TOLLWAY,I-355_TOLLWAY,I-355_TOLLWAY
9890,9858,I-355_TOLLWAY,I-355_TOLLWAY,I-355_TOLLWAY
9879,21144,I-355_TOLLWAY,I-355_TOLLWAY,I-355_TOLLWAY
9870,9879,I-355_TOLLWAY,I-355_TOLLWAY,I-355_TOLLWAY
9869,9870,I-355_TOLLWAY,I-355_TOLLWAY,I-355_TOLLWAY
9859,9702,I-355_TOLLWAY,I-355_TOLLWAY,I-355_TOLLWAY
9858,9859,I-355_TOLLWAY,I-355_TOLLWAY,I-355_TOLLWAY
9846,22065,I-355_TOLLWAY,I-355_TOLLWAY,I-355_TOLLWAY
9840,21674,I-355_TOLLWAY,I-355_TOLLWAY,I-355_TOLLWAY
9839,9840,I-355_TOLLWAY,I-355_TOLLWAY,I-355_TOLLWAY
9838,9839,I-355_TOLLWAY,I-355_TOLLWAY,I-355_TOLLWAY
9836,9835,I-355_TOLLWAY,I-355_TOLLWAY,I-355_TOLLWAY
9835,9869,I-355_TOLLWAY,I-355_TOLLWAY,I-355_TOLLWAY
9819,9818,I-355_TOLLWAY,I-355_TOLLWAY,I-355_TOLLWAY
9818,9817,I-355_TOLLWAY,I-355_TOLLWAY,I-355_TOLLWAY
9817,9816,I-355_TOLLWAY,I-355_TOLLWAY,I-355_TOLLWAY
9816,22066,I-355_TOLLWAY,I-355_TOLLWAY,I-355_TOLLWAY
9800,9846,I-355_TOLLWAY,I-355_TOLLWAY,I-355_TOLLWAY
9799,22078,I-355_TOLLWAY,I-355_TOLLWAY,I-355_TOLLWAY
9779,22070,I-355_TOLLWAY,I-355_TOLLWAY,I-355_TOLLWAY
9747,22074,I-355_TOLLWAY,I-355_TOLLWAY,I-355_TOLLWAY
9702,21720,I-355_TOLLWAY,I-355_TOLLWAY,I-355_TOLLWAY
9681,9836,I-355_TOLLWAY,I-355_TOLLWAY,I-355_TOLLWAY
9610,22113,I-355_TOLLWAY,I-355_TOLLWAY,I-355_TOLLWAY
9607,22079,I-355_TOLLWAY,I-355_TOLLWAY,I-355_TOLLWAY
9606,9607,I-355_TOLLWAY,I-355_TOLLWAY,I-355_TOLLWAY
9602,9601,I-355_TOLLWAY,I-355_TOLLWAY,I-355_TOLLWAY
9601,9600,I-355_TOLLWAY,I-355_TOLLWAY,I-355_TOLLWAY
9600,9595,I-355_TOLLWAY,I-355_TOLLWAY,I-355_TOLLWAY
9595,21719,I-355_TOLLWAY,I-355_TOLLWAY,I-355_TOLLWAY
22423,21168,I-55,I-55 West of I-355,I-55 West of I-355
22423,9888,I-55,I-55 West of I-355,I-55 West of I-355
22387,8209,I-55,I-55 West of I-355,I-55 West of I-355
22385,8210,I-55,I-55 West of I-355,I-55 West of I-355
21748,21745,I-55,I-55 East of I-355,I-55 East of I-355
21746,10669,I-55,I-55 East of I-355,I-55 East of I-355
21745,10738,I-55,I-55 East of I-355,I-55 East of I-355
21743,21746,I-55,I-55 East of I-355,I-55 East of I-355
21742,21743,I-55,I-55 East of I-355,I-55 East of I-355
21738,11153,I-55,I-55 East of I-355,I-55 East of I-355
21289,16011,I-55,I-55 East of I-355,I-55 East of I-355
21235,8318,I-55,I-55 West of I-355,I-55 West of I-355
21232,8280,I-55,I-55 West of I-355,I-55 West of I-355
21231,8463,I-55,I-55 West of I-355,I-55 West of I-355
21230,8431,I-55,I-55 West of I-355,I-55 West of I-355
21192,8842,I-55,I-55 West of I-355,I-55 West of I-355
21191,8516,I-55,I-55 West of I-355,I-55 West of I-355
21177,9488,I-55,I-55 West of I-355,I-55 West of I-355
21174,9459,I-55,I-55 West of I-355,I-55 West of I-355
21172,21174,I-55,I-55 West of I-355,I-55 West of I-355
21168,21172,I-55,I-55 West of I-355,I-55 West of I-355
21167,10040,I-55,I-55 West of I-355,I-55 West of I-355
21164,9797,I-55,I-55 West of I-355,I-55 West of I-355
21163,10040,I-55,I-55 East of I-355,I-55 East of I-355
21158,21161,I-55,I-55 East of I-355,I-55 East of I-355
21158,22423,I-55,I-55 West of I-355,I-55 West of I-355
21157,21156,I-55,I-55 East of I-355,I-55 East of I-355
21156,21150,I-55,I-55 East of I-355,I-55 East of I-355
21153,10262,I-55,I-55 East of I-355,I-55 East of I-355
21150,10393,I-55,I-55 East of I-355,I-55 East of I-355
21149,21153,I-55,I-55 East of I-355,I-55 East of I-355
21146,21149,I-55,I-55 East of I-355,I-55 East of I-355
21143,21748,I-55,I-55 East of I-355,I-55 East of I-355
21135,21127,I-55,I-55 East of I-355,I-55 East of I-355
21127,21126,I-55,I-55 East of I-355,I-55 East of I-355
21126,13101,I-55,I-55 East of I-355,I-55 East of I-355
21125,13033,I-55,I-55 East of I-355,I-55 East of I-355
21122,13534,I-55,I-55 East of I-355,I-55 East of I-355
21120,13468,I-55,I-55 East of I-355,I-55 East of I-355
21118,21120,I-55,I-55 East of I-355,I-55 East of I-355
21117,21116,I-55,I-55 East of I-355,I-55 East of I-355
21116,14022,I-55,I-55 East of I-355,I-55 East of I-355
21113,13963,I-55,I-55 East of I-355,I-55 East of I-355
21109,14768,I-55,I-55 East of I-355,I-55 East of I-355
20812,14708,I-55,I-55 East of I-355,I-55 East of I-355
20810,15415,I-55,I-55 East of I-355,I-55 East of I-355
20807,20812,I-55,I-55 East of I-355,I-55 East of I-355
20806,20807,I-55,I-55 East of I-355,I-55 East of I-355
20802,15788,I-55,I-55 East of I-355,I-55 East of I-355
20801,20802,I-55,I-55 East of I-355,I-55 East of I-355
20800,20799,I-55,I-55 East of I-355,I-55 East of I-355
20799,15712,I-55,I-55 East of I-355,I-55 East of I-355
20777,7956,I-55,I-55 West of I-355,I-55 West of I-355
20775,7929,I-55,I-55 West of I-355,I-55 West of I-355
20774,8257,I-55,I-55 West of I-355,I-55 West of I-355
20771,8278,I-55,I-55 West of I-355,I-55 West of I-355
20770,20775,I-55,I-55 West of I-355,I-55 West of I-355
20766,8269,I-55,I-55 West of I-355,I-55 West of I-355
20765,8263,I-55,I-55 West of I-355,I-55 West of I-355
20764,8264,I-55,I-55 West of I-355,I-55 West of I-355
20763,20765,I-55,I-55 West of I-355,I-55 West of I-355
20759,20755,I-55,I-55 West of I-355,I-55 West of I-355
20758,8248,I-55,I-55 West of I-355,I-55 West of I-355
20755,8245,I-55,I-55 West of I-355,I-55 West of I-355
20752,8241,I-55,I-55 West of I-355,I-55 West of I-355
20751,8229,I-55,I-55 West of I-355,I-55 West of I-355
20748,8228,I-55,I-55 West of I-355,I-55 West of I-355
20574,20748,I-55,I-55 West of I-355,I-55 West of I-355
20572,20561,I-55,I-55 West of I-355,I-55 West of I-355
20571,20574,I-55,I-55 West of I-355,I-55 West of I-355
20562,20571,I-55,I-55 West of I-355,I-55 West of I-355
20561,20555,I-55,I-55 West of I-355,I-55 West of I-355
20555,22385,I-55,I-55 West of I-355,I-55 West of I-355
20337,11097,I-55,I-55 East of I-355,I-55 East of I-355
20321,20319,I-55,I-55 East of I-355,I-55 East of I-355
20319,20316,I-55,I-55 East of I-355,I-55 East of I-355
20317,11468,I-55,I-55 East of I-355,I-55 East of I-355
20316,11537,I-55,I-55 East of I-355,I-55 East of I-355
20314,20317,I-55,I-55 East of I-355,I-55 East of I-355
20311,20314,I-55,I-55 East of I-355,I-55 East of I-355
20310,20306,I-55,I-55 East of I-355,I-55 East of I-355
20306,11714,I-55,I-55 East of I-355,I-55 East of I-355
20304,11655,I-55,I-55 East of I-355,I-55 East of I-355
20303,20298,I-55,I-55 East of I-355,I-55 East of I-355
20299,12048,I-55,I-55 East of I-355,I-55 East of I-355
20298,20297,I-55,I-55 East of I-355,I-55 East of I-355
20297,12157,I-55,I-55 East of I-355,I-55 East of I-355
20296,20299,I-55,I-55 East of I-355,I-55 East of I-355
20294,20296,I-55,I-55 East of I-355,I-55 East of I-355
20290,20294,I-55,I-55 East of I-355,I-55 East of I-355
20289,12048,I-55,I-55 East of I-355,I-55 East of I-355
20289,20290,I-55,I-55 East of I-355,I-55 East of I-355
20282,20289,I-55,I-55 East of I-355,I-55 East of I-355
16017,21291,I-55,I-55 East of I-355,I-55 East of I-355
16011,15789,I-55,I-55 East of I-355,I-55 East of I-355
15789,20800,I-55,I-55 East of I-355,I-55 East of I-355
15788,16017,I-55,I-55 East of I-355,I-55 East of I-355
15712,20806,I-55,I-55 East of I-355,I-55 East of I-355
15615,20801,I-55,I-55 East of I-355,I-55 East of I-355
15415,15615,I-55,I-55 East of I-355,I-55 East of I-355
14768,20810,I-55,I-55 East of I-355,I-55 East of I-355
14708,14404,I-55,I-55 East of I-355,I-55 East of I-355
14404,14313,I-55,I-55 East of I-355,I-55 East of I-355
14401,21109,I-55,I-55 East of I-355,I-55 East of I-355
14313,21113,I-55,I-55 East of I-355,I-55 East of I-355
14312,14401,I-55,I-55 East of I-355,I-55 East of I-355
14022,14312,I-55,I-55 East of I-355,I-55 East of I-355
13963,13801,I-55,I-55 East of I-355,I-55 East of I-355
13801,21118,I-55,I-55 East of I-355,I-55 East of I-355
13736,21117,I-55,I-55 East of I-355,I-55 East of I-355
13534,13736,I-55,I-55 East of I-355,I-55 East of I-355
13468,21125,I-55,I-55 East of I-355,I-55 East of I-355
13101,21122,I-55,I-55 East of I-355,I-55 East of I-355
13033,12840,I-55,I-55 East of I-355,I-55 East of I-355
12840,20282,I-55,I-55 East of I-355,I-55 East of I-355
12808,21135,I-55,I-55 East of I-355,I-55 East of I-355
12157,12808,I-55,I-55 East of I-355,I-55 East of I-355
12048,20304,I-55,I-55 East of I-355,I-55 East of I-355
11843,20303,I-55,I-55 East of I-355,I-55 East of I-355
11714,11843,I-55,I-55 East of I-355,I-55 East of I-355
11655,11567,I-55,I-55 East of I-355,I-55 East of I-355
11592,20310,I-55,I-55 East of I-355,I-55 East of I-355
11567,20311,I-55,I-55 East of I-355,I-55 East of I-355
11537,11592,I-55,I-55 East of I-355,I-55 East of I-355
11468,20337,I-55,I-55 East of I-355,I-55 East of I-355
11153,20321,I-55,I-55 East of I-355,I-55 East of I-355
11097,21742,I-55,I-55 East of I-355,I-55 East of I-355
10738,21738,I-55,I-55 East of I-355,I-55 East of I-355
10669,21146,I-55,I-55 East of I-355,I-55 East of I-355
10393,21143,I-55,I-55 East of I-355,I-55 East of I-355
10262,21158,I-55,I-55 East of I-355,I-55 East of I-355
10040,21157,I-55,I-55 East of I-355,I-55 East of I-355
9888,9797,I-55,I-55 West of I-355,I-55 West of I-355
9828,21167,I-55,I-55 West of I-355,I-55 West of I-355
9828,21170,I-55,I-55 West of I-355,I-55 West of I-355
9797,21165,I-55,I-55 West of I-355,I-55 West of I-355
9488,9828,I-55,I-55 West of I-355,I-55 West of I-355
9459,8843,I-55,I-55 West of I-355,I-55 West of I-355
8843,21191,I-55,I-55 West of I-355,I-55 West of I-355
8842,21177,I-55,I-55 West of I-355,I-55 West of I-355
8524,21192,I-55,I-55 West of I-355,I-55 West of I-355
8516,21230,I-55,I-55 West of I-355,I-55 West of I-355
8431,21232,I-55,I-55 West of I-355,I-55 West of I-355
8318,21231,I-55,I-55 West of I-355,I-55 West of I-355
8278,20766,I-55,I-55 West of I-355,I-55 West of I-355
8269,20764,I-55,I-55 West of I-355,I-55 West of I-355
8267,20770,I-55,I-55 West of I-355,I-55 West of I-355
8264,8254,I-55,I-55 West of I-355,I-55 West of I-355
8260,20763,I-55,I-55 West of I-355,I-55 West of I-355
8257,20771,I-55,I-55 West of I-355,I-55 West of I-355
8254,20759,I-55,I-55 West of I-355,I-55 West of I-355
8248,8260,I-55,I-55 West of I-355,I-55 West of I-355
8245,20751,I-55,I-55 West of I-355,I-55 West of I-355
8241,20758,I-55,I-55 West of I-355,I-55 West of I-355
8229,8220,I-55,I-55 West of I-355,I-55 West of I-355
8228,20752,I-55,I-55 West of I-355,I-55 West of I-355
8220,20572,I-55,I-55 West of I-355,I-55 West of I-355
8210,21235,I-55,I-55 West of I-355,I-55 West of I-355
8209,20562,I-55,I-55 West of I-355,I-55 West of I-355
8202,22387,I-55,I-55 West of I-355,I-55 West of I-355
7956,20774,I-55,I-55 West of I-355,I-55 West of I-355
7929,7849,I-55,I-55 West of I-355,I-55 West of I-355
7849,20779,I-55,I-55 West of I-355,I-55 West of I-355
21203,14668,I-57,I-57,I-57
21184,21203,I-57,I-57,I-57
21178,14985,I-57,I-57,I-57
20839,15460,I-57,I-57,I-57
20838,15043,I-57,I-57,I-57
20582,12892,I-57,I-57,I-57
20581,12419,I-57,I-57,I-57
20577,13765,I-57,I-57,I-57
20576,13571,I-57,I-57,I-57
20573,20576,I-57,I-57,I-57
20558,13818,I-57,I-57,I-57
20554,13727,I-57,I-57,I-57
20550,20518,I-57,I-57,I-57
20549,20554,I-57,I-57,I-57
20518,13819,I-57,I-57,I-57
20499,13812,I-57,I-57,I-57
20498,20499,I-57,I-57,I-57
20497,20493,I-57,I-57,I-57
20493,20460,I-57,I-57,I-57
20462,13802,I-57,I-57,I-57
20460,20453,I-57,I-57,I-57
20457,20462,I-57,I-57,I-57
20455,20457,I-57,I-57,I-57
20453,20452,I-57,I-57,I-57
20452,20446,I-57,I-57,I-57
20449,20455,I-57,I-57,I-57
20446,20414,I-57,I-57,I-57
20414,20409,I-57,I-57,I-57
20414,20399,I-57,I-57,I-57
20412,20449,I-57,I-57,I-57
20409,20408,I-57,I-57,I-57
20408,20405,I-57,I-57,I-57
20407,13946,I-57,I-57,I-57
20405,14027,I-57,I-57,I-57
20403,20407,I-57,I-57,I-57
20401,20403,I-57,I-57,I-57
20399,20397,I-57,I-57,I-57
20398,20401,I-57,I-57,I-57
20398,20412,I-57,I-57,I-57
20397,20394,I-57,I-57,I-57
20397,20373,I-57,I-57,I-57
20396,20398,I-57,I-57,I-57
20394,20384,I-57,I-57,I-57
20393,20396,I-57,I-57,I-57
20384,20378,I-57,I-57,I-57
20381,20393,I-57,I-57,I-57
20378,20376,I-57,I-57,I-57
20377,20381,I-57,I-57,I-57
20376,20373,I-57,I-57,I-57
20375,20377,I-57,I-57,I-57
20373,20370,I-57,I-57,I-57
20372,20375,I-57,I-57,I-57
20372,20396,I-57,I-57,I-57
20370,14756,I-57,I-57,I-57
19304,13586,I-57,I-57,I-57
19303,12882,I-57,I-57,I-57
15927,15890,I-57,I-57,I-57
15890,15835,I-57,I-57,I-57
15863,15947,I-57,I-57,I-57
15835,15444,I-57,I-57,I-57
15460,15863,I-57,I-57,I-57
15444,20838,I-57,I-57,I-57
15043,14971,I-57,I-57,I-57
15026,20839,I-57,I-57,I-57
14986,14978,I-57,I-57,I-57
14985,14986,I-57,I-57,I-57
14978,15026,I-57,I-57,I-57
14977,14963,I-57,I-57,I-57
14976,21178,I-57,I-57,I-57
14975,14977,I-57,I-57,I-57
14971,14975,I-57,I-57,I-57
14963,21184,I-57,I-57,I-57
14756,14976,I-57,I-57,I-57
14668,20372,I-57,I-57,I-57
14027,20399,I-57,I-57,I-57
13946,20412,I-57,I-57,I-57
13818,20550,I-57,I-57,I-57
13812,20549,I-57,I-57,I-57
13802,20498,I-57,I-57,I-57
13765,20558,I-57,I-57,I-57
13727,20573,I-57,I-57,I-57
13586,20577,I-57,I-57,I-57
12882,20581,I-57,I-57,I-57
20437,20435,I-80/94,I-80/94,I-80 & I-80/I-94
20435,20430,I-80/94,I-80/94,I-80 & I-80/I-94
20432,16454,I-80/94,I-80/94,I-80 & I-80/I-94
20430,20427,I-80/94,I-80/94,I-80 & I-80/I-94
20427,16714,I-80/94,I-80/94,I-80 & I-80/I-94
20426,16355,I-80/94,I-80/94,I-80 & I-80/I-94
20424,20426,I-80/94,I-80/94,I-80 & I-80/I-94
20423,20426,I-80/94,I-80/94,I-80 & I-80/I-94
20419,20423,I-80/94,I-80/94,I-80 & I-80/I-94
16493,20419,I-80/94,I-80/94,I-80 & I-80/I-94
16493,20424,I-80/94,I-80/94,I-80 & I-80/I-94
16454,20427,I-80/94,I-80/94,I-80 & I-80/I-94
16355,20428,I-80/94,I-80/94,I-80 & I-80/I-94
16323,20432,I-80/94,I-80/94,I-80 & I-80/I-94
21654,13383,I-90,I-90,I-90
21641,13003,I-90,I-90,I-90
21638,12816,I-90,I-90,I-90
21632,12361,I-90,I-90,I-90
21631,21630,I-90,I-90,I-90
21630,12644,I-90,I-90,I-90
21629,12537,I-90,I-90,I-90
21628,21629,I-90,I-90,I-90
21355,21362,I-90,I-90,I-90
21354,21347,I-90,I-90,I-90
21347,21341,I-90,I-90,I-90
21346,21355,I-90,I-90,I-90
21342,21346,I-90,I-90,I-90
16657,16586,I-90,I-90,I-90
16588,16469,I-90,I-90,I-90
16586,16604,I-90,I-90,I-90
16469,16444,I-90,I-90,I-90
16444,16443,I-90,I-90,I-90
16443,16430,I-90,I-90,I-90
16442,16657,I-90,I-90,I-90
16439,16442,I-90,I-90,I-90
16430,16321,I-90,I-90,I-90
16421,16439,I-90,I-90,I-90
16321,16212,I-90,I-90,I-90
16320,16421,I-90,I-90,I-90
16212,16152,I-90,I-90,I-90
16209,16320,I-90,I-90,I-90
16152,15995,I-90,I-90,I-90
16151,16209,I-90,I-90,I-90
15979,16151,I-90,I-90,I-90
15759,15979,I-90,I-90,I-90
13448,21654,I-90,I-90,I-90
13416,21342,I-90,I-90,I-90
13413,13416,I-90,I-90,I-90
13383,13270,I-90,I-90,I-90
13270,13179,I-90,I-90,I-90
13269,13413,I-90,I-90,I-90
13220,13269,I-90,I-90,I-90
13179,13112,I-90,I-90,I-90
13173,13220,I-90,I-90,I-90
13112,13010,I-90,I-90,I-90
13102,13173,I-90,I-90,I-90
13010,21638,I-90,I-90,I-90
13003,13102,I-90,I-90,I-90
12905,21641,I-90,I-90,I-90
12828,12905,I-90,I-90,I-90
12816,12654,I-90,I-90,I-90
12654,21628,I-90,I-90,I-90
12644,12828,I-90,I-90,I-90
12537,12362,I-90,I-90,I-90
12361,21631,I-90,I-90,I-90
21491,21486,I-90/94,I-90/94,I-90/94
21489,15263,I-90/94,I-90/94,I-90/94
21486,21484,I-90/94,I-90/94,I-90/94
21485,21489,I-90/94,I-90/94,I-90/94
21484,21472,I-90/94,I-90/94,I-90/94
21483,21485,I-90/94,I-90/94,I-90/94
21479,21483,I-90/94,I-90/94,I-90/94
21475,21479,I-90/94,I-90/94,I-90/94
21472,21470,I-90/94,I-90/94,I-90/94
21471,21475,I-90/94,I-90/94,I-90/94
21470,21467,I-90/94,I-90/94,I-90/94
21467,21455,I-90/94,I-90/94,I-90/94
21458,21414,I-90/94,I-90/94,I-90/94
21457,21471,I-90/94,I-90/94,I-90/94
21455,21453,I-90/94,I-90/94,I-90/94
21454,21457,I-90/94,I-90/94,I-90/94
21453,21451,I-90/94,I-90/94,I-90/94
21452,21454,I-90/94,I-90/94,I-90/94
21451,21447,I-90/94,I-90/94,I-90/94
21450,21459,I-90/94,I-90/94,I-90/94
21449,21452,I-90/94,I-90/94,I-90/94
21447,21441,I-90/94,I-90/94,I-90/94
21446,21449,I-90/94,I-90/94,I-90/94
21442,21446,I-90/94,I-90/94,I-90/94
21441,21440,I-90/94,I-90/94,I-90/94
21440,21435,I-90/94,I-90/94,I-90/94
21439,21442,I-90/94,I-90/94,I-90/94
21435,21433,I-90/94,I-90/94,I-90/94
21434,21436,I-90/94,I-90/94,I-90/94
21433,21430,I-90/94,I-90/94,I-90/94
21430,21427,I-90/94,I-90/94,I-90/94
21429,21434,I-90/94,I-90/94,I-90/94
21428,21429,I-90/94,I-90/94,I-90/94
21427,21425,I-90/94,I-90/94,I-90/94
21426,21428,I-90/94,I-90/94,I-90/94
21425,21419,I-90/94,I-90/94,I-90/94
21420,21426,I-90/94,I-90/94,I-90/94
21419,21417,I-90/94,I-90/94,I-90/94
21418,21420,I-90/94,I-90/94,I-90/94
21417,21416,I-90/94,I-90/94,I-90/94
21416,21403,I-90/94,I-90/94,I-90/94
21415,21418,I-90/94,I-90/94,I-90/94
21414,21409,I-90/94,I-90/94,I-90/94
21410,21450,I-90/94,I-90/94,I-90/94
21409,21370,I-90/94,I-90/94,I-90/94
21407,21415,I-90/94,I-90/94,I-90/94
21406,21407,I-90/94,I-90/94,I-90/94
21405,21410,I-90/94,I-90/94,I-90/94
21403,21402,I-90/94,I-90/94,I-90/94
21402,21400,I-90/94,I-90/94,I-90/94
21401,21406,I-90/94,I-90/94,I-90/94
21400,21394,I-90/94,I-90/94,I-90/94
21399,21401,I-90/94,I-90/94,I-90/94
21395,21399,I-90/94,I-90/94,I-90/94
21394,21390,I-90/94,I-90/94,I-90/94
21391,21395,I-90/94,I-90/94,I-90/94
21390,21388,I-90/94,I-90/94,I-90/94
21388,21382,I-90/94,I-90/94,I-90/94
21387,21391,I-90/94,I-90/94,I-90/94
21382,21380,I-90/94,I-90/94,I-90/94
21381,21387,I-90/94,I-90/94,I-90/94
21380,21375,I-90/94,I-90/94,I-90/94
21379,21381,I-90/94,I-90/94,I-90/94
21378,21379,I-90/94,I-90/94,I-90/94
21375,21369,I-90/94,I-90/94,I-90/94
21370,21360,I-90/94,I-90/94,I-90/94
21369,21366,I-90/94,I-90/94,I-90/94
21367,21378,I-90/94,I-90/94,I-90/94
21366,21364,I-90/94,I-90/94,I-90/94
21365,21367,I-90/94,I-90/94,I-90/94
21364,21357,I-90/94,I-90/94,I-90/94
21362,21365,I-90/94,I-90/94,I-90/94
21361,21405,I-90/94,I-90/94,I-90/94
21357,21354,I-90/94,I-90/94,I-90/94
21088,15295,I-90/94,I-90/94,I-90/94
21088,21081,I-90/94,I-90/94,I-90/94
21047,15275,I-90/94,I-90/94,I-90/94
20991,15285,I-90/94,I-90/94,I-90/94
20986,15286,I-90/94,I-90/94,I-90/94
20981,21491,I-90/94,I-90/94,I-90/94
20811,15642,I-90/94,I-90/94,I-90/94
20805,15382,I-90/94,I-90/94,I-90/94
20804,15302,I-90/94,I-90/94,I-90/94
20798,20796,I-90/94,I-90/94,I-90/94
20796,20787,I-90/94,I-90/94,I-90/94
20795,20797,I-90/94,I-90/94,I-90/94
20787,15315,I-90/94,I-90/94,I-90/94
20786,15283,I-90/94,I-90/94,I-90/94
20786,20795,I-90/94,I-90/94,I-90/94
15784,15736,I-90/94,I-90/94,I-90/94
15783,15686,I-90/94,I-90/94,I-90/94
15756,15755,I-90/94,I-90/94,I-90/94
15755,15739,I-90/94,I-90/94,I-90/94
15754,15756,I-90/94,I-90/94,I-90/94
15740,15729,I-90/94,I-90/94,I-90/94
15739,15740,I-90/94,I-90/94,I-90/94
15738,15692,I-90/94,I-90/94,I-90/94
15736,15704,I-90/94,I-90/94,I-90/94
15731,15754,I-90/94,I-90/94,I-90/94
15729,15707,I-90/94,I-90/94,I-90/94
15727,15723,I-90/94,I-90/94,I-90/94
15726,15727,I-90/94,I-90/94,I-90/94
15723,15731,I-90/94,I-90/94,I-90/94
15711,15406,I-90/94,I-90/94,I-90/94
15710,15711,I-90/94,I-90/94,I-90/94
15709,15710,I-90/94,I-90/94,I-90/94
15708,15709,I-90/94,I-90/94,I-90/94
15707,15708,I-90/94,I-90/94,I-90/94
15706,15663,I-90/94,I-90/94,I-90/94
15704,15726,I-90/94,I-90/94,I-90/94
15692,15406,I-90/94,I-90/94,I-90/94
15686,15738,I-90/94,I-90/94,I-90/94
15675,15671,I-90/94,I-90/94,I-90/94
15674,15819,I-90/94,I-90/94,I-90/94
15672,15685,I-90/94,I-90/94,I-90/94
15671,15672,I-90/94,I-90/94,I-90/94
15664,15706,I-90/94,I-90/94,I-90/94
15663,15674,I-90/94,I-90/94,I-90/94
15662,15656,I-90/94,I-90/94,I-90/94
15661,15759,I-90/94,I-90/94,I-90/94
15656,15661,I-90/94,I-90/94,I-90/94
15655,15623,I-90/94,I-90/94,I-90/94
15642,15641,I-90/94,I-90/94,I-90/94
15641,15640,I-90/94,I-90/94,I-90/94
15640,15639,I-90/94,I-90/94,I-90/94
15639,15638,I-90/94,I-90/94,I-90/94
15638,15637,I-90/94,I-90/94,I-90/94
15637,15675,I-90/94,I-90/94,I-90/94
15633,15632,I-90/94,I-90/94,I-90/94
15632,15662,I-90/94,I-90/94,I-90/94
15623,15633,I-90/94,I-90/94,I-90/94
15406,20804,I-90/94,I-90/94,I-90/94
15382,15664,I-90/94,I-90/94,I-90/94
15382,20811,I-90/94,I-90/94,I-90/94
15315,15294,I-90/94,I-90/94,I-90/94
15302,20787,I-90/94,I-90/94,I-90/94
15295,20991,I-90/94,I-90/94,I-90/94
15294,21088,I-90/94,I-90/94,I-90/94
15293,20786,I-90/94,I-90/94,I-90/94
15286,20981,I-90/94,I-90/94,I-90/94
15285,20986,I-90/94,I-90/94,I-90/94
15283,20805,I-90/94,I-90/94,I-90/94
15275,15274,I-90/94,I-90/94,I-90/94
15274,15293,I-90/94,I-90/94,I-90/94
15263,15262,I-90/94,I-90/94,I-90/94
15262,20985,I-90/94,I-90/94,I-90/94
15260,21047,I-90/94,I-90/94,I-90/94
22319,8675,I-90_TOLLWAY,I-90_TOLLWAY East of IL-31,I-90_TOLLWAY East of IL-31
22318,9358,I-90_TOLLWAY,I-90_TOLLWAY East of IL-31,I-90_TOLLWAY East of IL-31
21622,11866,I-90_TOLLWAY,I-90_TOLLWAY East of IL-31,I-90_TOLLWAY East of IL-31
21613,12126,I-90_TOLLWAY,I-90_TOLLWAY East of IL-31,I-90_TOLLWAY East of IL-31
21589,11211,I-90_TOLLWAY,I-90_TOLLWAY East of IL-31,I-90_TOLLWAY East of IL-31
21588,10590,I-90_TOLLWAY,I-90_TOLLWAY East of IL-31,I-90_TOLLWAY East of IL-31
21572,10589,I-90_TOLLWAY,I-90_TOLLWAY East of IL-31,I-90_TOLLWAY East of IL-31
21563,7749,I-90_TOLLWAY,I-90_TOLLWAY East of IL-31,I-90_TOLLWAY East of IL-31
21561,21559,I-90_TOLLWAY,I-90_TOLLWAY East of IL-31,I-90_TOLLWAY East of IL-31
21560,7470,I-90_TOLLWAY,I-90_TOLLWAY East of IL-31,I-90_TOLLWAY East of IL-31
21559,8684,I-90_TOLLWAY,I-90_TOLLWAY East of IL-31,I-90_TOLLWAY East of IL-31
21557,8196,I-90_TOLLWAY,I-90_TOLLWAY East of IL-31,I-90_TOLLWAY East of IL-31
21554,7469,I-90_TOLLWAY,I-90_TOLLWAY East of IL-31,I-90_TOLLWAY East of IL-31
21551,21549,I-90_TOLLWAY,I-90_TOLLWAY East of IL-31,I-90_TOLLWAY East of IL-31
21550,21554,I-90_TOLLWAY,I-90_TOLLWAY East of IL-31,I-90_TOLLWAY East of IL-31
21549,21542,I-90_TOLLWAY,I-90_TOLLWAY West of IL-31,I-90_TOLLWAY West of IL-31
21543,21550,I-90_TOLLWAY,I-90_TOLLWAY West of IL-31,I-90_TOLLWAY West of IL-31
21542,7315,I-90_TOLLWAY,I-90_TOLLWAY West of IL-31,I-90_TOLLWAY West of IL-31
20590,7061,I-90_TOLLWAY,I-90_TOLLWAY West of IL-31,I-90_TOLLWAY West of IL-31
20589,6904,I-90_TOLLWAY,I-90_TOLLWAY West of IL-31,I-90_TOLLWAY West of IL-31
20585,6054,I-90_TOLLWAY,I-90_TOLLWAY West of IL-31,I-90_TOLLWAY West of IL-31
20584,5684,I-90_TOLLWAY,I-90_TOLLWAY West of IL-31,I-90_TOLLWAY West of IL-31
20123,10037,I-90_TOLLWAY,I-90_TOLLWAY East of IL-31,I-90_TOLLWAY East of IL-31
20122,20123,I-90_TOLLWAY,I-90_TOLLWAY East of IL-31,I-90_TOLLWAY East of IL-31
20121,20122,I-90_TOLLWAY,I-90_TOLLWAY East of IL-31,I-90_TOLLWAY East of IL-31
20119,20117,I-90_TOLLWAY,I-90_TOLLWAY East of IL-31,I-90_TOLLWAY East of IL-31
20117,9885,I-90_TOLLWAY,I-90_TOLLWAY East of IL-31,I-90_TOLLWAY East of IL-31
12362,21613,I-90_TOLLWAY,I-90_TOLLWAY East of IL-31,I-90_TOLLWAY East of IL-31
12182,21632,I-90_TOLLWAY,I-90_TOLLWAY East of IL-31,I-90_TOLLWAY East of IL-31
12126,11899,I-90_TOLLWAY,I-90_TOLLWAY East of IL-31,I-90_TOLLWAY East of IL-31
12031,21611,I-90_TOLLWAY,I-90_TOLLWAY East of IL-31,I-90_TOLLWAY East of IL-31
11899,11877,I-90_TOLLWAY,I-90_TOLLWAY East of IL-31,I-90_TOLLWAY East of IL-31
11877,11746,I-90_TOLLWAY,I-90_TOLLWAY East of IL-31,I-90_TOLLWAY East of IL-31
11746,11218,I-90_TOLLWAY,I-90_TOLLWAY East of IL-31,I-90_TOLLWAY East of IL-31
11730,12031,I-90_TOLLWAY,I-90_TOLLWAY East of IL-31,I-90_TOLLWAY East of IL-31
11218,21588,I-90_TOLLWAY,I-90_TOLLWAY East of IL-31,I-90_TOLLWAY East of IL-31
11211,11730,I-90_TOLLWAY,I-90_TOLLWAY East of IL-31,I-90_TOLLWAY East of IL-31
10590,10552,I-90_TOLLWAY,I-90_TOLLWAY East of IL-31,I-90_TOLLWAY East of IL-31
10589,21589,I-90_TOLLWAY,I-90_TOLLWAY East of IL-31,I-90_TOLLWAY East of IL-31
10552,10038,I-90_TOLLWAY,I-90_TOLLWAY East of IL-31,I-90_TOLLWAY East of IL-31
10547,21572,I-90_TOLLWAY,I-90_TOLLWAY East of IL-31,I-90_TOLLWAY East of IL-31
10038,20119,I-90_TOLLWAY,I-90_TOLLWAY East of IL-31,I-90_TOLLWAY East of IL-31
10037,10547,I-90_TOLLWAY,I-90_TOLLWAY East of IL-31,I-90_TOLLWAY East of IL-31
9885,9359,I-90_TOLLWAY,I-90_TOLLWAY East of IL-31,I-90_TOLLWAY East of IL-31
9359,22319,I-90_TOLLWAY,I-90_TOLLWAY East of IL-31,I-90_TOLLWAY East of IL-31
9358,9884,I-90_TOLLWAY,I-90_TOLLWAY East of IL-31,I-90_TOLLWAY East of IL-31
8684,22318,I-90_TOLLWAY,I-90_TOLLWAY East of IL-31,I-90_TOLLWAY East of IL-31
8675,21557,I-90_TOLLWAY,I-90_TOLLWAY East of IL-31,I-90_TOLLWAY East of IL-31
8197,21561,I-90_TOLLWAY,I-90_TOLLWAY East of IL-31,I-90_TOLLWAY East of IL-31
8196,8037,I-90_TOLLWAY,I-90_TOLLWAY East of IL-31,I-90_TOLLWAY East of IL-31
8038,8197,I-90_TOLLWAY,I-90_TOLLWAY East of IL-31,I-90_TOLLWAY East of IL-31
8037,7718,I-90_TOLLWAY,I-90_TOLLWAY East of IL-31,I-90_TOLLWAY East of IL-31
7749,8038,I-90_TOLLWAY,I-90_TOLLWAY East of IL-31,I-90_TOLLWAY East of IL-31
7718,21560,I-90_TOLLWAY,I-90_TOLLWAY East of IL-31,I-90_TOLLWAY East of IL-31
7470,21551,I-90_TOLLWAY,I-90_TOLLWAY East of IL-31,I-90_TOLLWAY East of IL-31
7469,21563,I-90_TOLLWAY,I-90_TOLLWAY East of IL-31,I-90_TOLLWAY East of IL-31
7315,7297,I-90_TOLLWAY,I-90_TOLLWAY West of IL-31,I-90_TOLLWAY West of IL-31
7314,21543,I-90_TOLLWAY,I-90_TOLLWAY West of IL-31,I-90_TOLLWAY West of IL-31
7297,7062,I-90_TOLLWAY,I-90_TOLLWAY West of IL-31,I-90_TOLLWAY West of IL-31
7295,7314,I-90_TOLLWAY,I-90_TOLLWAY West of IL-31,I-90_TOLLWAY West of IL-31
7062,20589,I-90_TOLLWAY,I-90_TOLLWAY West of IL-31,I-90_TOLLWAY West of IL-31
7061,7295,I-90_TOLLWAY,I-90_TOLLWAY West of IL-31,I-90_TOLLWAY West of IL-31
6904,6502,I-90_TOLLWAY,I-90_TOLLWAY West of IL-31,I-90_TOLLWAY West of IL-31
6903,20590,I-90_TOLLWAY,I-90_TOLLWAY West of IL-31,I-90_TOLLWAY West of IL-31
6504,6903,I-90_TOLLWAY,I-90_TOLLWAY West of IL-31,I-90_TOLLWAY West of IL-31
6502,6050,I-90_TOLLWAY,I-90_TOLLWAY West of IL-31,I-90_TOLLWAY West of IL-31
6054,6504,I-90_TOLLWAY,I-90_TOLLWAY West of IL-31,I-90_TOLLWAY West of IL-31
6050,20584,I-90_TOLLWAY,I-90_TOLLWAY West of IL-31,I-90_TOLLWAY West of IL-31
5881,20585,I-90_TOLLWAY,I-90_TOLLWAY West of IL-31,I-90_TOLLWAY West of IL-31
5879,5881,I-90_TOLLWAY,I-90_TOLLWAY West of IL-31,I-90_TOLLWAY West of IL-31
5684,5470,I-90_TOLLWAY,I-90_TOLLWAY West of IL-31,I-90_TOLLWAY West of IL-31
5683,5879,I-90_TOLLWAY,I-90_TOLLWAY West of IL-31,I-90_TOLLWAY West of IL-31
5470,5194,I-90_TOLLWAY,I-90_TOLLWAY West of IL-31,I-90_TOLLWAY West of IL-31
5469,5683,I-90_TOLLWAY,I-90_TOLLWAY West of IL-31,I-90_TOLLWAY West of IL-31
21356,21362,I-94,I-94,I-94
21354,21349,I-94,I-94,I-94
21349,13710,I-94,I-94,I-94
21348,21356,I-94,I-94,I-94
21226,21220,I-94,I-94,I-94
21225,16328,I-94,I-94,I-94
21220,16335,I-94,I-94,I-94
21219,21225,I-94,I-94,I-94
21218,21219,I-94,I-94,I-94
21213,21208,I-94,I-94,I-94
21209,16356,I-94,I-94,I-94
21208,21202,I-94,I-94,I-94
21207,21209,I-94,I-94,I-94
21202,21198,I-94,I-94,I-94
21199,16352,I-94,I-94,I-94
21198,16370,I-94,I-94,I-94
20874,20872,I-94,I-94,I-94
20872,20868,I-94,I-94,I-94
20871,16277,I-94,I-94,I-94
20868,16274,I-94,I-94,I-94
20867,20871,I-94,I-94,I-94
20866,20867,I-94,I-94,I-94
20856,16211,I-94,I-94,I-94
20855,20852,I-94,I-94,I-94
20852,16238,I-94,I-94,I-94
20848,16223,I-94,I-94,I-94
20831,15934,I-94,I-94,I-94
20830,15929,I-94,I-94,I-94
20829,15919,I-94,I-94,I-94
20828,15903,I-94,I-94,I-94
20685,13702,I-94,I-94,I-94
20684,20681,I-94,I-94,I-94
20683,13645,I-94,I-94,I-94
20681,13648,I-94,I-94,I-94
20679,20683,I-94,I-94,I-94
20675,20671,I-94,I-94,I-94
20671,20664,I-94,I-94,I-94
20670,13633,I-94,I-94,I-94
20664,13646,I-94,I-94,I-94
20663,20670,I-94,I-94,I-94
20662,20663,I-94,I-94,I-94
20661,20662,I-94,I-94,I-94
20660,20661,I-94,I-94,I-94
20659,20651,I-94,I-94,I-94
20652,20660,I-94,I-94,I-94
20651,20650,I-94,I-94,I-94
20650,13576,I-94,I-94,I-94
20644,13535,I-94,I-94,I-94
20643,13568,I-94,I-94,I-94
20642,20643,I-94,I-94,I-94
20637,13531,I-94,I-94,I-94
20633,13418,I-94,I-94,I-94
20628,13419,I-94,I-94,I-94
20620,20618,I-94,I-94,I-94
20619,13188,I-94,I-94,I-94
20618,13131,I-94,I-94,I-94
20553,20546,I-94,I-94,I-94
20552,16397,I-94,I-94,I-94
20546,20539,I-94,I-94,I-94
20543,20552,I-94,I-94,I-94
20539,20522,I-94,I-94,I-94
20538,20543,I-94,I-94,I-94
20522,20494,I-94,I-94,I-94
20508,20538,I-94,I-94,I-94
20494,16345,I-94,I-94,I-94
20489,16340,I-94,I-94,I-94
20447,20410,I-94,I-94,I-94
20444,20489,I-94,I-94,I-94
20411,20444,I-94,I-94,I-94
20410,20400,I-94,I-94,I-94
20402,20411,I-94,I-94,I-94
20400,20395,I-94,I-94,I-94
20395,21226,I-94,I-94,I-94
16397,20553,I-94,I-94,I-94
16370,20874,I-94,I-94,I-94
16364,21213,I-94,I-94,I-94
16357,21199,I-94,I-94,I-94
16356,21218,I-94,I-94,I-94
16352,21207,I-94,I-94,I-94
16345,20447,I-94,I-94,I-94
16340,20508,I-94,I-94,I-94
16335,16364,I-94,I-94,I-94
16328,20402,I-94,I-94,I-94
16277,16357,I-94,I-94,I-94
16274,16215,I-94,I-94,I-94
16261,16217,I-94,I-94,I-94
16254,20848,I-94,I-94,I-94
16238,16261,I-94,I-94,I-94
16223,20856,I-94,I-94,I-94
16217,16015,I-94,I-94,I-94
16215,20855,I-94,I-94,I-94
16214,16254,I-94,I-94,I-94
16211,20866,I-94,I-94,I-94
16015,15969,I-94,I-94,I-94
15994,16214,I-94,I-94,I-94
15969,15947,I-94,I-94,I-94
15947,15943,I-94,I-94,I-94
15943,20831,I-94,I-94,I-94
15934,15930,I-94,I-94,I-94
15933,15927,I-94,I-94,I-94
15930,20829,I-94,I-94,I-94
15929,15933,I-94,I-94,I-94
15927,15994,I-94,I-94,I-94
15920,15904,I-94,I-94,I-94
15919,15920,I-94,I-94,I-94
15904,15894,I-94,I-94,I-94
15903,15902,I-94,I-94,I-94
15902,20830,I-94,I-94,I-94
15895,15822,I-94,I-94,I-94
15894,15895,I-94,I-94,I-94
15893,20828,I-94,I-94,I-94
15870,15869,I-94,I-94,I-94
15869,15893,I-94,I-94,I-94
15855,15870,I-94,I-94,I-94
15822,15783,I-94,I-94,I-94
15819,15855,I-94,I-94,I-94
13702,20684,I-94,I-94,I-94
13698,13685,I-94,I-94,I-94
13685,21348,I-94,I-94,I-94
13659,13698,I-94,I-94,I-94
13648,20675,I-94,I-94,I-94
13646,13462,I-94,I-94,I-94
13645,13659,I-94,I-94,I-94
13633,20679,I-94,I-94,I-94
13576,20644,I-94,I-94,I-94
13568,13476,I-94,I-94,I-94
13535,20637,I-94,I-94,I-94
13531,20633,I-94,I-94,I-94
13513,13512,I-94,I-94,I-94
13512,20642,I-94,I-94,I-94
13476,20652,I-94,I-94,I-94
13462,20659,I-94,I-94,I-94
13419,13513,I-94,I-94,I-94
13418,13316,I-94,I-94,I-94
13316,13201,I-94,I-94,I-94
13299,20628,I-94,I-94,I-94
13201,20620,I-94,I-94,I-94
13188,13299,I-94,I-94,I-94
13130,20619,I-94,I-94,I-94
20723,11970,I-94_TOLLWAY,I-94_TOLLWAY,I-94_TOLLWAY
20717,11536,I-94_TOLLWAY,I-94_TOLLWAY,I-94_TOLLWAY
20716,11627,I-94_TOLLWAY,I-94_TOLLWAY,I-94_TOLLWAY
20713,11584,I-94_TOLLWAY,I-94_TOLLWAY,I-94_TOLLWAY
20712,20711,I-94_TOLLWAY,I-94_TOLLWAY,I-94_TOLLWAY
20711,11363,I-94_TOLLWAY,I-94_TOLLWAY,I-94_TOLLWAY
20710,11373,I-94_TOLLWAY,I-94_TOLLWAY,I-94_TOLLWAY
20706,20703,I-94_TOLLWAY,I-94_TOLLWAY,I-94_TOLLWAY
20703,20699,I-94_TOLLWAY,I-94_TOLLWAY,I-94_TOLLWAY
20702,11059,I-94_TOLLWAY,I-94_TOLLWAY,I-94_TOLLWAY
20699,11052,I-94_TOLLWAY,I-94_TOLLWAY,I-94_TOLLWAY
20696,20702,I-94_TOLLWAY,I-94_TOLLWAY,I-94_TOLLWAY
20695,20696,I-94_TOLLWAY,I-94_TOLLWAY,I-94_TOLLWAY
20692,20690,I-94_TOLLWAY,I-94_TOLLWAY,I-94_TOLLWAY
13131,12635,I-94_TOLLWAY,I-94_TOLLWAY,I-94_TOLLWAY
12635,12012,I-94_TOLLWAY,I-94_TOLLWAY,I-94_TOLLWAY
12634,13130,I-94_TOLLWAY,I-94_TOLLWAY,I-94_TOLLWAY
12013,12634,I-94_TOLLWAY,I-94_TOLLWAY,I-94_TOLLWAY
12012,11997,I-94_TOLLWAY,I-94_TOLLWAY,I-94_TOLLWAY
12005,12013,I-94_TOLLWAY,I-94_TOLLWAY,I-94_TOLLWAY
11997,11967,I-94_TOLLWAY,I-94_TOLLWAY,I-94_TOLLWAY
11970,11777,I-94_TOLLWAY,I-94_TOLLWAY,I-94_TOLLWAY
11967,20723,I-94_TOLLWAY,I-94_TOLLWAY,I-94_TOLLWAY
11951,11950,I-94_TOLLWAY,I-94_TOLLWAY,I-94_TOLLWAY
11950,11949,I-94_TOLLWAY,I-94_TOLLWAY,I-94_TOLLWAY
11949,12005,I-94_TOLLWAY,I-94_TOLLWAY,I-94_TOLLWAY
11777,11740,I-94_TOLLWAY,I-94_TOLLWAY,I-94_TOLLWAY
11764,11951,I-94_TOLLWAY,I-94_TOLLWAY,I-94_TOLLWAY
11740,11631,I-94_TOLLWAY,I-94_TOLLWAY,I-94_TOLLWAY
11724,11764,I-94_TOLLWAY,I-94_TOLLWAY,I-94_TOLLWAY
11632,20717,I-94_TOLLWAY,I-94_TOLLWAY,I-94_TOLLWAY
11631,11632,I-94_TOLLWAY,I-94_TOLLWAY,I-94_TOLLWAY
11627,11621,I-94_TOLLWAY,I-94_TOLLWAY,I-94_TOLLWAY
11621,11724,I-94_TOLLWAY,I-94_TOLLWAY,I-94_TOLLWAY
11598,20712,I-94_TOLLWAY,I-94_TOLLWAY,I-94_TOLLWAY
11584,11535,I-94_TOLLWAY,I-94_TOLLWAY,I-94_TOLLWAY
11536,11598,I-94_TOLLWAY,I-94_TOLLWAY,I-94_TOLLWAY
11535,20716,I-94_TOLLWAY,I-94_TOLLWAY,I-94_TOLLWAY
11373,20713,I-94_TOLLWAY,I-94_TOLLWAY,I-94_TOLLWAY
11363,11189,I-94_TOLLWAY,I-94_TOLLWAY,I-94_TOLLWAY
11189,20706,I-94_TOLLWAY,I-94_TOLLWAY,I-94_TOLLWAY
11176,20710,I-94_TOLLWAY,I-94_TOLLWAY,I-94_TOLLWAY
11059,11176,I-94_TOLLWAY,I-94_TOLLWAY,I-94_TOLLWAY
11058,20692,I-94_TOLLWAY,I-94_TOLLWAY,I-94_TOLLWAY
11052,10997,I-94_TOLLWAY,I-94_TOLLWAY,I-94_TOLLWAY
11045,11058,I-94_TOLLWAY,I-94_TOLLWAY,I-94_TOLLWAY
11031,10942,I-94_TOLLWAY,I-94_TOLLWAY,I-94_TOLLWAY
11027,11031,I-94_TOLLWAY,I-94_TOLLWAY,I-94_TOLLWAY
10997,10992,I-94_TOLLWAY,I-94_TOLLWAY,I-94_TOLLWAY
10992,10782,I-94_TOLLWAY,I-94_TOLLWAY,I-94_TOLLWAY
10974,20695,I-94_TOLLWAY,I-94_TOLLWAY,I-94_TOLLWAY
10967,10974,I-94_TOLLWAY,I-94_TOLLWAY,I-94_TOLLWAY
10942,10768,I-94_TOLLWAY,I-94_TOLLWAY,I-94_TOLLWAY
10782,11045,I-94_TOLLWAY,I-94_TOLLWAY,I-94_TOLLWAY
10768,10967,I-94_TOLLWAY,I-94_TOLLWAY,I-94_TOLLWAY
